Workbook

Sheet README
B2: NFL Quarterback GOAT Model
B3: A multi-model statistical framework for evaluating the greatest quarterbacks in NFL history
B5: Overview | G5: Models Utilized
B6: This project builds a spreadsheet-based analytical model to evaluate and rank the greatest quarterbacks in NFL history. Rather than relying on a single statistic or subjective ranking, the model separates quarterback performance into four distinct analytical dimensions: career greatness, overall performance level, statistical dominance, and postseason performance. Each dimension is evaluated using a separate statistical model built from weighted metrics and normalized statistics. The results are then combined to produce a final GOAT score. Because NFL statistics vary significantly across eras, the analysis uses era-adjusted metrics and relative performance comparisons to allow quarterbacks from different decades to be evaluated on a comparable basis. | G6: Greatest Model
G7: Evaluates legacy and career accomplishments including MVP awards, All-Pro selections, championships, and long-term achievements.
G9: Best Model
G10: Measures overall quarterback performance using efficiency metrics and era-adjusted statistics.
G12: Dominant Model
G13: Analyzes how much quarterbacks separated themselves from league averages during their careers using season-level normalized statistics.
G15: Clutch Model
G16: Examines postseason performance and whether quarterbacks elevated their play relative to regular-season production.
B19: Dataset & Methods | G19: Skills Demonstrated
B20: The analysis evaluates 25 historically significant quarterbacks spanning nearly a century of professional football. | G20: • Spreadsheet modeling and architecture
G21: • Data normalization and statistical standardization
G22: • Weighted scoring systems
G23: • Historical data analysis and era-adjustment methodology
B24: The dataset includes both career statistics and season-level performance data. League averages by season are used to construct era-adjusted statistics and dominance metrics. | G24: • Dashboard-style data presentation and visualizations
G25: • Dynamic data lookups with XLOOKUP, indexing and conditional logic
G26: • Advanced data cleaning and transformation
G27: • Multi-model analytical frameworks and multi-sheet architecture
B28: Several statistical techniques are used throughout the model, including:
B29: • z-score normalization | G29: Future Recommendations
B30: • weighted scoring systems | G30: Future analysis is recommended in the following areas:
B31: • season-level era adjustment | G31: • Incorporation of strength-of-schedule and defense-adjusted value over average (DVOA) scores to better isolate a quarterback's individual impact.
B32: • relative performance comparisons | G32: • As modern or "Next Gen" stats are applied to historical data, additional analysis can be performed to compare advanced stats across eras.
G33: • Apply the weighted model concept (or a similar one) to different positional groups, or different sports entirely.
B34: These methods allow players from very different statistical environments to be evaluated using consistent benchmarks.
B38: Created as a portfolio project demonstrating spreadsheet modeling and sports analytics concepts.
B40: Last Updated: March 7, 2026

Sheet FINAL_GOAT_RANKINGS
B2: # | C2: Quarterback | D2: GOAT SCORES | E2: Greatness Score | F2: Best Score | G2: Dominance Score | H2: Clutch Score | I2: Greatness Rank | J2: Talent Rank | K2: Dominance Rank | L2: Clutch Rank | M2: Average Rank | N2: Rank Spread
B3: 1 | C3: Tom Brady | D3: =sumproduct(E3:H3,Weights_by_Model[[GREATEST]:[CLUTCH]]) -> 76.120608 | E3: {=xlookup(C3,MODEL_GREATEST!B:B,MODEL_GREATEST!C:C)} -> 81.943889 | F3: {=xlookup(C3,MODEL_BEST!B:B,MODEL_BEST!C:C)} -> 71.464861 | G3: {=xlookup(C3,MODEL_DOMINANT!B:B,MODEL_DOMINANT!C:C)} -> 74.866639 | H3: {=xlookup(C3,MODEL_CLUTCH!B:B,MODEL_CLUTCH!C:C)} -> 69.302659 | I3: =rank(E3,E$3:E$27,0) -> 1 | J3: =rank(F3,F$3:F$27,0) -> 2 | K3: =rank(G3,G$3:G$27,0) -> 2 | L3: =rank(H3,H$3:H$27,0) -> 1 | M3: =AVERAGE(I3:L3) -> 1.5 | N3: =MAX(I3:L3)-MIN(I3:L3) -> 1
B4: 2 | C4: Peyton Manning | D4: =sumproduct(E4:H4,Weights_by_Model[[GREATEST]:[CLUTCH]]) -> 70.051835 | E4: {=xlookup(C4,MODEL_GREATEST!B:B,MODEL_GREATEST!C:C)} -> 66.817976 | F4: {=xlookup(C4,MODEL_BEST!B:B,MODEL_BEST!C:C)} -> 77.252893 | G4: {=xlookup(C4,MODEL_DOMINANT!B:B,MODEL_DOMINANT!C:C)} -> 75.570969 | H4: {=xlookup(C4,MODEL_CLUTCH!B:B,MODEL_CLUTCH!C:C)} -> 50.345823 | I4: =rank(E4,E$3:E$27,0) -> 2 | J4: =rank(F4,F$3:F$27,0) -> 1 | K4: =rank(G4,G$3:G$27,0) -> 1 | L4: =rank(H4,H$3:H$27,0) -> 4 | M4: =AVERAGE(I4:L4) -> 2 | N4: =MAX(I4:L4)-MIN(I4:L4) -> 3
B5: 3 | C5: Otto Graham | D5: =sumproduct(E5:H5,Weights_by_Model[[GREATEST]:[CLUTCH]]) -> 56.893872 | E5: {=xlookup(C5,MODEL_GREATEST!B:B,MODEL_GREATEST!C:C)} -> 49.757899 | F5: {=xlookup(C5,MODEL_BEST!B:B,MODEL_BEST!C:C)} -> 63.697301 | G5: {=xlookup(C5,MODEL_DOMINANT!B:B,MODEL_DOMINANT!C:C)} -> 66.953208 | H5: {=xlookup(C5,MODEL_CLUTCH!B:B,MODEL_CLUTCH!C:C)} -> 44.908805 | I5: =rank(E5,E$3:E$27,0) -> 4 | J5: =rank(F5,F$3:F$27,0) -> 3 | K5: =rank(G5,G$3:G$27,0) -> 3 | L5: =rank(H5,H$3:H$27,0) -> 8 | M5: =AVERAGE(I5:L5) -> 4.5 | N5: =MAX(I5:L5)-MIN(I5:L5) -> 5
B6: 4 | C6: Aaron Rodgers | D6: =sumproduct(E6:H6,Weights_by_Model[[GREATEST]:[CLUTCH]]) -> 55.073589 | E6: {=xlookup(C6,MODEL_GREATEST!B:B,MODEL_GREATEST!C:C)} -> 52.882056 | F6: {=xlookup(C6,MODEL_BEST!B:B,MODEL_BEST!C:C)} -> 61.609432 | G6: {=xlookup(C6,MODEL_DOMINANT!B:B,MODEL_DOMINANT!C:C)} -> 55.637675 | H6: {=xlookup(C6,MODEL_CLUTCH!B:B,MODEL_CLUTCH!C:C)} -> 43.104019 | I6: =rank(E6,E$3:E$27,0) -> 3 | J6: =rank(F6,F$3:F$27,0) -> 4 | K6: =rank(G6,G$3:G$27,0) -> 5 | L6: =rank(H6,H$3:H$27,0) -> 9 | M6: =AVERAGE(I6:L6) -> 5.25 | N6: =MAX(I6:L6)-MIN(I6:L6) -> 6
B7: 5 | C7: Patrick Mahomes | D7: =sumproduct(E7:H7,Weights_by_Model[[GREATEST]:[CLUTCH]]) -> 52.053577 | E7: {=xlookup(C7,MODEL_GREATEST!B:B,MODEL_GREATEST!C:C)} -> 44.492196 | F7: {=xlookup(C7,MODEL_BEST!B:B,MODEL_BEST!C:C)} -> 59.080673 | G7: {=xlookup(C7,MODEL_DOMINANT!B:B,MODEL_DOMINANT!C:C)} -> 58.382492 | H7: {=xlookup(C7,MODEL_CLUTCH!B:B,MODEL_CLUTCH!C:C)} -> 48.55998 | I7: =rank(E7,E$3:E$27,0) -> 7 | J7: =rank(F7,F$3:F$27,0) -> 5 | K7: =rank(G7,G$3:G$27,0) -> 4 | L7: =rank(H7,H$3:H$27,0) -> 5 | M7: =AVERAGE(I7:L7) -> 5.25 | N7: =MAX(I7:L7)-MIN(I7:L7) -> 3
B8: 6 | C8: Joe Montana | D8: =sumproduct(E8:H8,Weights_by_Model[[GREATEST]:[CLUTCH]]) -> 50.229486 | E8: {=xlookup(C8,MODEL_GREATEST!B:B,MODEL_GREATEST!C:C)} -> 46.853122 | F8: {=xlookup(C8,MODEL_BEST!B:B,MODEL_BEST!C:C)} -> 51.893139 | G8: {=xlookup(C8,MODEL_DOMINANT!B:B,MODEL_DOMINANT!C:C)} -> 51.366076 | H8: {=xlookup(C8,MODEL_CLUTCH!B:B,MODEL_CLUTCH!C:C)} -> 56.470807 | I8: =rank(E8,E$3:E$27,0) -> 5 | J8: =rank(F8,F$3:F$27,0) -> 9 | K8: =rank(G8,G$3:G$27,0) -> 10 | L8: =rank(H8,H$3:H$27,0) -> 2 | M8: =AVERAGE(I8:L8) -> 6.5 | N8: =MAX(I8:L8)-MIN(I8:L8) -> 8
B9: 7 | C9: Steve Young | D9: =sumproduct(E9:H9,Weights_by_Model[[GREATEST]:[CLUTCH]]) -> 49.72395 | E9: {=xlookup(C9,MODEL_GREATEST!B:B,MODEL_GREATEST!C:C)} -> 42.204584 | F9: {=xlookup(C9,MODEL_BEST!B:B,MODEL_BEST!C:C)} -> 58.264051 | G9: {=xlookup(C9,MODEL_DOMINANT!B:B,MODEL_DOMINANT!C:C)} -> 53.814561 | H9: {=xlookup(C9,MODEL_CLUTCH!B:B,MODEL_CLUTCH!C:C)} -> 45.999887 | I9: =rank(E9,E$3:E$27,0) -> 9 | J9: =rank(F9,F$3:F$27,0) -> 6 | K9: =rank(G9,G$3:G$27,0) -> 6 | L9: =rank(H9,H$3:H$27,0) -> 7 | M9: =AVERAGE(I9:L9) -> 7 | N9: =MAX(I9:L9)-MIN(I9:L9) -> 3
B10: 8 | C10: Drew Brees | D10: =sumproduct(E10:H10,Weights_by_Model[[GREATEST]:[CLUTCH]]) -> 48.943223 | E10: {=xlookup(C10,MODEL_GREATEST!B:B,MODEL_GREATEST!C:C)} -> 46.630254 | F10: {=xlookup(C10,MODEL_BEST!B:B,MODEL_BEST!C:C)} -> 52.380189 | G10: {=xlookup(C10,MODEL_DOMINANT!B:B,MODEL_DOMINANT!C:C)} -> 53.179729 | H10: {=xlookup(C10,MODEL_CLUTCH!B:B,MODEL_CLUTCH!C:C)} -> 39.411194 | I10: =rank(E10,E$3:E$27,0) -> 6 | J10: =rank(F10,F$3:F$27,0) -> 8 | K10: =rank(G10,G$3:G$27,0) -> 7 | L10: =rank(H10,H$3:H$27,0) -> 11 | M10: =AVERAGE(I10:L10) -> 8 | N10: =MAX(I10:L10)-MIN(I10:L10) -> 5
B11: 9 | C11: Dan Marino | D11: =sumproduct(E11:H11,Weights_by_Model[[GREATEST]:[CLUTCH]]) -> 47.332673 | E11: {=xlookup(C11,MODEL_GREATEST!B:B,MODEL_GREATEST!C:C)} -> 41.47069 | F11: {=xlookup(C11,MODEL_BEST!B:B,MODEL_BEST!C:C)} -> 55.531806 | G11: {=xlookup(C11,MODEL_DOMINANT!B:B,MODEL_DOMINANT!C:C)} -> 52.653477 | H11: {=xlookup(C11,MODEL_CLUTCH!B:B,MODEL_CLUTCH!C:C)} -> 35.541596 | I11: =rank(E11,E$3:E$27,0) -> 10 | J11: =rank(F11,F$3:F$27,0) -> 7 | K11: =rank(G11,G$3:G$27,0) -> 8 | L11: =rank(H11,H$3:H$27,0) -> 15 | M11: =AVERAGE(I11:L11) -> 10 | N11: =MAX(I11:L11)-MIN(I11:L11) -> 8
B12: 10 | C12: Sammy Baugh | D12: =sumproduct(E12:H12,Weights_by_Model[[GREATEST]:[CLUTCH]]) -> 43.427741 | E12: {=xlookup(C12,MODEL_GREATEST!B:B,MODEL_GREATEST!C:C)} -> 35.33223 | F12: {=xlookup(C12,MODEL_BEST!B:B,MODEL_BEST!C:C)} -> 48.511876 | G12: {=xlookup(C12,MODEL_DOMINANT!B:B,MODEL_DOMINANT!C:C)} -> 52.308748 | H12: {=xlookup(C12,MODEL_CLUTCH!B:B,MODEL_CLUTCH!C:C)} -> 42.79537 | I12: =rank(E12,E$3:E$27,0) -> 12 | J12: =rank(F12,F$3:F$27,0) -> 10 | K12: =rank(G12,G$3:G$27,0) -> 9 | L12: =rank(H12,H$3:H$27,0) -> 10 | M12: =AVERAGE(I12:L12) -> 10.25 | N12: =MAX(I12:L12)-MIN(I12:L12) -> 3
B13: 11 | C13: Brett Favre | D13: =sumproduct(E13:H13,Weights_by_Model[[GREATEST]:[CLUTCH]]) -> 42.600071 | E13: {=xlookup(C13,MODEL_GREATEST!B:B,MODEL_GREATEST!C:C)} -> 42.772917 | F13: {=xlookup(C13,MODEL_BEST!B:B,MODEL_BEST!C:C)} -> 42.516221 | G13: {=xlookup(C13,MODEL_DOMINANT!B:B,MODEL_DOMINANT!C:C)} -> 45.756804 | H13: {=xlookup(C13,MODEL_CLUTCH!B:B,MODEL_CLUTCH!C:C)} -> 35.846768 | I13: =rank(E13,E$3:E$27,0) -> 8 | J13: =rank(F13,F$3:F$27,0) -> 12 | K13: =rank(G13,G$3:G$27,0) -> 13 | L13: =rank(H13,H$3:H$27,0) -> 14 | M13: =AVERAGE(I13:L13) -> 11.75 | N13: =MAX(I13:L13)-MIN(I13:L13) -> 6
B14: 12 | C14: Johnny Unitas | D14: =sumproduct(E14:H14,Weights_by_Model[[GREATEST]:[CLUTCH]]) -> 39.878845 | E14: {=xlookup(C14,MODEL_GREATEST!B:B,MODEL_GREATEST!C:C)} -> 37.796774 | F14: {=xlookup(C14,MODEL_BEST!B:B,MODEL_BEST!C:C)} -> 41.713909 | G14: {=xlookup(C14,MODEL_DOMINANT!B:B,MODEL_DOMINANT!C:C)} -> 45.988036 | H14: {=xlookup(C14,MODEL_CLUTCH!B:B,MODEL_CLUTCH!C:C)} -> 30.483552 | I14: =rank(E14,E$3:E$27,0) -> 11 | J14: =rank(F14,F$3:F$27,0) -> 13 | K14: =rank(G14,G$3:G$27,0) -> 12 | L14: =rank(H14,H$3:H$27,0) -> 19 | M14: =AVERAGE(I14:L14) -> 13.75 | N14: =MAX(I14:L14)-MIN(I14:L14) -> 8
... B27: 25 | C27: YA Tittle | D27: =sumproduct(E27:H27,Weights_by_Model[[GREATEST]:[CLUTCH]]) -> 20.460328 | E27: {=xlookup(C27,MODEL_GREATEST!B:B,MODEL_GREATEST!C:C)} -> 16.278935 | F27: {=xlookup(C27,MODEL_BEST!B:B,MODEL_BEST!C:C)} -> 23.470475 | G27: {=xlookup(C27,MODEL_DOMINANT!B:B,MODEL_DOMINANT!C:C)} -> 26.680099 | H27: {=xlookup(C27,MODEL_CLUTCH!B:B,MODEL_CLUTCH!C:C)} -> 15.715918 | I27: =rank(E27,E$3:E$27,0) -> 25 | J27: =rank(F27,F$3:F$27,0) -> 24 | K27: =rank(G27,G$3:G$27,0) -> 23 | L27: =rank(H27,H$3:H$27,0) -> 25 | M27: =AVERAGE(I27:L27) -> 24.25 | N27: =MAX(I27:L27)-MIN(I27:L27) -> 2

Sheet DASHBOARD
B2: NFL Quarterback GOAT Model Dashboard
B3: Comparative rankings of 25 quarterbacks across four analytical models
B5: Quarterback Selector
B6: Tom Brady
C7: SCORE | D7: RANK | F7: Model | G7: Score
B8: GOAT SCORE | C8: {=xlookup(B6,FINAL_GOAT_RANKINGS!C:C,FINAL_GOAT_RANKINGS!D:D,0)} -> 76.120608 | D8: {=xlookup(B6,FINAL_GOAT_RANKINGS!C:C,FINAL_GOAT_RANKINGS!B:B,0)} -> 1 | F8: Greatest | G8: =C9 -> 81.943889
B9: Greatest | C9: {=xlookup(B6,FINAL_GOAT_RANKINGS!C:C,FINAL_GOAT_RANKINGS!E:E,0)} -> 81.943889 | D9: {=xlookup(B6,FINAL_GOAT_RANKINGS!C:C,FINAL_GOAT_RANKINGS!I:I,0)} -> 1 | F9: Best | G9: =C10 -> 71.464861
B10: Best | C10: {=xlookup(B6,FINAL_GOAT_RANKINGS!C:C,FINAL_GOAT_RANKINGS!F:F,0)} -> 71.464861 | D10: {=xlookup(B6,FINAL_GOAT_RANKINGS!C:C,FINAL_GOAT_RANKINGS!J:J,0)} -> 2 | F10: Dominant | G10: =C11 -> 74.866639
B11: Dominant | C11: {=xlookup(B6,FINAL_GOAT_RANKINGS!C:C,FINAL_GOAT_RANKINGS!G:G,0)} -> 74.866639 | D11: {=xlookup(B6,FINAL_GOAT_RANKINGS!C:C,FINAL_GOAT_RANKINGS!K:K,0)} -> 2 | F11: Clutch | G11: =C12 -> 69.302659
B12: Clutch | C12: {=xlookup(B6,FINAL_GOAT_RANKINGS!C:C,FINAL_GOAT_RANKINGS!H:H,0)} -> 69.302659 | D12: {=xlookup(B6,FINAL_GOAT_RANKINGS!C:C,FINAL_GOAT_RANKINGS!L:L,0)} -> 1
B15: Final GOAT Rankings
B17: Rank | C17: QB | D17: GOAT Score | E17: Greatest | F17: Best | G17: Dominant | H17: Clutch
B18: =FINAL_GOAT_RANKINGS!B3 -> 1 | C18: =FINAL_GOAT_RANKINGS!C3 -> Tom Brady | D18: =FINAL_GOAT_RANKINGS!D3 -> 76.120608 | E18: =FINAL_GOAT_RANKINGS!E3 -> 81.943889 | F18: =FINAL_GOAT_RANKINGS!F3 -> 71.464861 | G18: =FINAL_GOAT_RANKINGS!G3 -> 74.866639 | H18: =FINAL_GOAT_RANKINGS!H3 -> 69.302659
B19: =FINAL_GOAT_RANKINGS!B4 -> 2 | C19: =FINAL_GOAT_RANKINGS!C4 -> Peyton Manning | D19: =FINAL_GOAT_RANKINGS!D4 -> 70.051835 | E19: =FINAL_GOAT_RANKINGS!E4 -> 66.817976 | F19: =FINAL_GOAT_RANKINGS!F4 -> 77.252893 | G19: =FINAL_GOAT_RANKINGS!G4 -> 75.570969 | H19: =FINAL_GOAT_RANKINGS!H4 -> 50.345823
B20: =FINAL_GOAT_RANKINGS!B5 -> 3 | C20: =FINAL_GOAT_RANKINGS!C5 -> Otto Graham | D20: =FINAL_GOAT_RANKINGS!D5 -> 56.893872 | E20: =FINAL_GOAT_RANKINGS!E5 -> 49.757899 | F20: =FINAL_GOAT_RANKINGS!F5 -> 63.697301 | G20: =FINAL_GOAT_RANKINGS!G5 -> 66.953208 | H20: =FINAL_GOAT_RANKINGS!H5 -> 44.908805
B21: =FINAL_GOAT_RANKINGS!B6 -> 4 | C21: =FINAL_GOAT_RANKINGS!C6 -> Aaron Rodgers | D21: =FINAL_GOAT_RANKINGS!D6 -> 55.073589 | E21: =FINAL_GOAT_RANKINGS!E6 -> 52.882056 | F21: =FINAL_GOAT_RANKINGS!F6 -> 61.609432 | G21: =FINAL_GOAT_RANKINGS!G6 -> 55.637675 | H21: =FINAL_GOAT_RANKINGS!H6 -> 43.104019
B22: =FINAL_GOAT_RANKINGS!B7 -> 5 | C22: =FINAL_GOAT_RANKINGS!C7 -> Patrick Mahomes | D22: =FINAL_GOAT_RANKINGS!D7 -> 52.053577 | E22: =FINAL_GOAT_RANKINGS!E7 -> 44.492196 | F22: =FINAL_GOAT_RANKINGS!F7 -> 59.080673 | G22: =FINAL_GOAT_RANKINGS!G7 -> 58.382492 | H22: =FINAL_GOAT_RANKINGS!H7 -> 48.55998
B23: =FINAL_GOAT_RANKINGS!B8 -> 6 | C23: =FINAL_GOAT_RANKINGS!C8 -> Joe Montana | D23: =FINAL_GOAT_RANKINGS!D8 -> 50.229486 | E23: =FINAL_GOAT_RANKINGS!E8 -> 46.853122 | F23: =FINAL_GOAT_RANKINGS!F8 -> 51.893139 | G23: =FINAL_GOAT_RANKINGS!G8 -> 51.366076 | H23: =FINAL_GOAT_RANKINGS!H8 -> 56.470807
B24: =FINAL_GOAT_RANKINGS!B9 -> 7 | C24: =FINAL_GOAT_RANKINGS!C9 -> Steve Young | D24: =FINAL_GOAT_RANKINGS!D9 -> 49.72395 | E24: =FINAL_GOAT_RANKINGS!E9 -> 42.204584 | F24: =FINAL_GOAT_RANKINGS!F9 -> 58.264051 | G24: =FINAL_GOAT_RANKINGS!G9 -> 53.814561 | H24: =FINAL_GOAT_RANKINGS!H9 -> 45.999887
B25: =FINAL_GOAT_RANKINGS!B10 -> 8 | C25: =FINAL_GOAT_RANKINGS!C10 -> Drew Brees | D25: =FINAL_GOAT_RANKINGS!D10 -> 48.943223 | E25: =FINAL_GOAT_RANKINGS!E10 -> 46.630254 | F25: =FINAL_GOAT_RANKINGS!F10 -> 52.380189 | G25: =FINAL_GOAT_RANKINGS!G10 -> 53.179729 | H25: =FINAL_GOAT_RANKINGS!H10 -> 39.411194
B26: =FINAL_GOAT_RANKINGS!B11 -> 9 | C26: =FINAL_GOAT_RANKINGS!C11 -> Dan Marino | D26: =FINAL_GOAT_RANKINGS!D11 -> 47.332673 | E26: =FINAL_GOAT_RANKINGS!E11 -> 41.47069 | F26: =FINAL_GOAT_RANKINGS!F11 -> 55.531806 | G26: =FINAL_GOAT_RANKINGS!G11 -> 52.653477 | H26: =FINAL_GOAT_RANKINGS!H11 -> 35.541596
B27: =FINAL_GOAT_RANKINGS!B12 -> 10 | C27: =FINAL_GOAT_RANKINGS!C12 -> Sammy Baugh | D27: =FINAL_GOAT_RANKINGS!D12 -> 43.427741 | E27: =FINAL_GOAT_RANKINGS!E12 -> 35.33223 | F27: =FINAL_GOAT_RANKINGS!F12 -> 48.511876 | G27: =FINAL_GOAT_RANKINGS!G12 -> 52.308748 | H27: =FINAL_GOAT_RANKINGS!H12 -> 42.79537
B28: =FINAL_GOAT_RANKINGS!B13 -> 11 | C28: =FINAL_GOAT_RANKINGS!C13 -> Brett Favre | D28: =FINAL_GOAT_RANKINGS!D13 -> 42.600071 | E28: =FINAL_GOAT_RANKINGS!E13 -> 42.772917 | F28: =FINAL_GOAT_RANKINGS!F13 -> 42.516221 | G28: =FINAL_GOAT_RANKINGS!G13 -> 45.756804 | H28: =FINAL_GOAT_RANKINGS!H13 -> 35.846768
B29: =FINAL_GOAT_RANKINGS!B14 -> 12 | C29: =FINAL_GOAT_RANKINGS!C14 -> Johnny Unitas | D29: =FINAL_GOAT_RANKINGS!D14 -> 39.878845 | E29: =FINAL_GOAT_RANKINGS!E14 -> 37.796774 | F29: =FINAL_GOAT_RANKINGS!F14 -> 41.713909 | G29: =FINAL_GOAT_RANKINGS!G14 -> 45.988036 | H29: =FINAL_GOAT_RANKINGS!H14 -> 30.483552
... B42: =FINAL_GOAT_RANKINGS!B27 -> 25 | C42: =FINAL_GOAT_RANKINGS!C27 -> YA Tittle | D42: =FINAL_GOAT_RANKINGS!D27 -> 20.460328 | E42: =FINAL_GOAT_RANKINGS!E27 -> 16.278935 | F42: =FINAL_GOAT_RANKINGS!F27 -> 23.470475 | G42: =FINAL_GOAT_RANKINGS!G27 -> 26.680099 | H42: =FINAL_GOAT_RANKINGS!H27 -> 15.715918

Sheet QB_ROSTER
B2: # | C2: Name | D2: Born | E2: Birthplace | F2: College | G2: Draft | H2: Career Start | I2: Career End | J2: Team(s)
B3: 33 | C3: Sammy Baugh | D3: 5190 | E3: Temple, TX | F3: TCU | G3: 46028 | H3: 1937 | I3: 1952 | J3: WAS
B4: 12 | C4: Terry Bradshaw | D4: 17778 | E4: Shreveport, LA | F4: Louisiana Tech | G4: 46023 | H4: 1970 | I4: 1983 | J4: PIT
B5: 12 | C5: Tom Brady | D5: 28340 | E5: San Mateo, CA | F5: Michigan | G5: 6-199 | H5: 2000 | I5: 2022 | J5: NWE, TAM
B6: 9 | C6: Drew Brees | D6: 28870 | E6: Austin, TX | F6: Purdue | G6: 2-32 | H6: 2001 | I6: 2020 | J6: SDG, NOR
B7: 7 | C7: John Elway | D7: 22095 | E7: Port Angeles, WA | F7: Stanford | G7: 46023 | H7: 1983 | I7: 1998 | J7: DEN
B8: 4 | C8: Brett Favre | D8: 25486 | E8: Gulfport, MS | F8: Southern Miss | G8: 2-33 | H8: 1991 | I8: 2010 | J8: ATL, GNB, NYJ, MIN
B9: 14 | C9: Dan Fouts | D9: 18789 | E9: San Francisco, CA | F9: Oregon | G9: 3-64 | H9: 1973 | I9: 1987 | J9: SDG
B10: 14 | C10: Otto Graham | D10: 8011 | E10: Waukegan, IL | F10: Northwestern | G10: 46026 | H10: 1946 | I10: 1955 | J10: CLE
B11: 8 | C11: Lamar Jackson | D11: 35437 | E11: Pompano Beach, FL | F11: Louisville | G11: 1-32 | H11: 2018 | I11: Active | J11: BAL
B12: 12 | C12: Jim Kelly | D12: 21960 | E12: Pittsburgh, PA | F12: Miami | G12: 46036 | H12: 1986 | I12: 1996 | J12: BUF
B13: 15 | C13: Patrick Mahomes | D13: 34959 | E13: Tyler, TX | F13: Texas Tech | G13: 46032 | H13: 2017 | I13: Active | J13: KAN
B14: 18 | C14: Peyton Manning | D14: 27843 | E14: New Orleans, LA | F14: Tennessee | G14: 46023 | H14: 1998 | I14: 2015 | J14: IND, DEN
B15: 13 | C15: Dan Marino | D15: 22539 | E15: Pittsburgh, PA | F15: Pittsburgh | G15: 46049 | H15: 1983 | I15: 1999 | J15: MIA
B16: 16 | C16: Joe Montana | D16: 20617 | E16: New Eagle, PA | F16: Notre Dame | G16: 3-82 | H16: 1979 | I16: 1994 | J16: SFO, KAN
B17: 1 | C17: Warren Moon | D17: 20777 | E17: Los Angeles, CA | F17: Washington | G17: Undrafted | H17: 1984 | I17: 2000 | J17: HOU, MIN, SEA, KAN
B18: 12 | C18: Aaron Rodgers | D18: 30349 | E18: Chico, CA | F18: California | G18: 46046 | H18: 2005 | I18: Active | J18: GNB, NYJ, PIT
B19: 7 | C19: Ben Roethlisberger | D19: 30012 | E19: Lima, OH | F19: Miami (OH) | G19: 46033 | H19: 2004 | I19: 2021 | J19: PIT
B20: 12 | C20: Ken Stabler | D20: 16796 | E20: Foley, AL | F20: Alabama | G20: 2-52 | H20: 1970 | I20: 1984 | J20: OAK, HOU, NOR
B21: 15 | C21: Bart Starr | D21: 12428 | E21: Montgomery, AL | F21: Alabama | G21: 17-200 | H21: 1956 | I21: 1971 | J21: GNB
B22: 12 | C22: Roger Staubach | D22: 15377 | E22: Cincinnati, OH | F22: Navy | G22: 10-129 | H22: 1969 | I22: 1979 | J22: DAL
B23: 10 | C23: Fran Tarkenton | D23: 14644 | E23: Richmond, VA | F23: Georgia | G23: 46110 | H23: 1961 | I23: 1978 | J23: MIN, NYG
B24: 14 | C24: Y.A. Tittle | D24: 9794 | E24: Marshall, TX | F24: LSU | G24: 46028 | H24: 1948 | I24: 1964 | J24: BCL, SFO, NYG
B25: 19 | C25: Johnny Unitas | D25: 12181 | E25: Pittsburgh, PA | F25: Louisville | G25: 9-102 | H25: 1956 | I25: 1973 | J25: BAL, SDG
B26: 13 | C26: Kurt Warner | D26: 26106 | E26: Burlington, IA | F26: Northern Iowa | G26: Undrafted | H26: 1998 | I26: 2009 | J26: STL, NYG, ARI
B27: 8 | C27: Steve Young | D27: 22565 | E27: Salt Lake City, UT | F27: BYU | G27: 46023 | H27: 1985 | I27: 1999 | J27: TAM, SFO
B29: HONORABLE MENTIONS
B30: Historical
B31: Sid Luckman
B32: Norm Van Brocklin
B33: Sonny Jurgensen
B34: Len Dawson
B35: George Blanda
B36: Golden Era
B37: Joe Namath
B38: Ken Anderson
B39: Boomer Esiason
B40: Joe Theismann
... B47: Russell Wilson

Sheet CATEGORY_DEFINITIONS
C2: Category | D2: Definition | E2: Rationale
B3: Team Success | C3: Super Bowl Wins | D3: Total number of Super Bowls won as a starter (includes NFL Championships from pre-Super Bowl era) | E3: The highest measure of team success, generally used as a starting point for "greatness" talks. Weighted highly for Greatness and Clutch models.
C4: Playoff Success Score | D4: Defined as {(1 * # Conference Championship Wins) + (0.5 * # Divisional Round Wins) + (0.25 * # Wild Card Round Wins)} | E4: Adds value for playoff success outside of just the Super Bowl. Helps prevent quarterbacks from being punished too harshly for never winning a ring.
B5: Individual Accolades | C5: Super Bowl MVPs | D5: Total number of Super Bowl MVPs won | E5: Isolates individual impact on the game’s biggest stage. While championships are team-based, the MVP award identifies the primary engine of a title run and serves as a definitive marker of "Big Game" legacy.
C6: MVP Shares | D6: Total share of MVP votes across their career, defined as {Actual Points Received / Maximum Possible Points} | E6: The highest individual honor in football. Shares are used as opposed to total number of MVPs to avoid an all-or-nothing metric that would punish quarterbacks for placing highly but not winning.
C7: All Pro Score | D7: Defined as {(# First Team All-Pros) + (0.5 * # Second Team All-Pros)} | E7: The gold standard for measuring peer dominance. Unlike popularity-based awards, All-Pro honors signify "best-in-class" status. This weighted metric rewards seasons where the QB was the best in the league.
C8: Pro Bowls | D8: Total amount of Pro Bowls in their career | E8: A measure of season-by-season excellence. High counts indicate a long window of elite performance, serving as a "longevity floor" to verify a QB remained a top-tier asset for the majority of their career. Weighted lower due to the Pro Bowl's recent reputation as a popularity contest.
B9: Career Statistics | C9: Yards* | D9: Total career passing yards | E9: One of the main quarterback statistics. While not the only measure of what makes a great QB, it is always relevant and frequently used when debating the greats. Different models utilize different measures of "yards", including overall volume, per-season totals, and adjusted totals.
C10: Touchdowns* | D10: Total career passing touchdowns | E10: Similar to yards, one of the most commonly cited measures of quarterback success. Scoring more points is the best way to win, after all. Also utilizes different metrics for each model.
C11: Career ANY/A+ | D11: Total career ANY/A+ value | E11: Adjusted net yards per pass attempt, adjusted for era. A common metric used to evaluate quarterback efficiency, utilized here as a generalist stat to compare overall QB performance. Also forms the basis for Peak and Dominance scores.
C12: Rush Yards per Game | D12: Average rush yards per game across entire career | E12: Measures a quarterback's "dual-threat" capability and impact as a floor-raiser. High rushing volume forces defensive adjustments and creates efficiency in the passing game, rewarding QBs who added significant value through non-traditional yardage and modern playmaking.
C13: Negative Play Rate | D13: Defined as {(2/3 * Int%+) + (1/3 * Sack%+)} | E13: Evaluates poise and risk management by tracking drive-killing outcomes. Combining Sack and INT rates penalizes "stat-padders" who take sacks to preserve completion percentages, favoring those who efficiently move the chains.
B14: "Greatness" Calculations | C14: Peak Score | D14: Calculated as the highest average ANY/A+ value across 5 consecutive seasons during the course of their career | E14: Measures a quarterback's absolute "ceiling" rather than just career accumulation. By isolating their best consecutive seasons, this metric identifies generational peaks and prevents "compilers" from outranking more dominant, shorter-lived primes.
C15: Dominance Score | D15: How many seasons ranking top 3 in ANY/A | E15: Measures how far a quarterback "lapped the field" compared to his contemporaries. By using z-score normalization against league-average benchmarks, this metric identifies players who transcended their era’s statistical environment, ensuring historical dominance isn't erased by modern passing inflation.
C16: Playoff Elevation Score | D16: Defined as {Career Playoff ANY/A / Career Regular Season ANY/A} | E16: Evaluates whether a quarterback improved or regressed when the stakes increased. This metric compares a player's postseason efficiency (ANY/A) directly against their own regular-season career averages. It identifies "force multipliers" who consistently raised their level of play in the playoffs.
C17: *varies by model
B19: Disclaimers:
B20: For years where ANY/A+ data is unavailable, an aggregate of 2/3 AY/A+ and 1/3 Rate+ will be used.
B21: For years where sack data is unavailable, estimations are made using career averages, season averages, and qualitative anecdotal evidence and reports.
B22: For years where sack data is unavailable or limited, reported voting is used to estimate the equivalent "share" of modern MVP awards.
B24: Note on use of ANY/A+:
B25: While ANY/A+ is a popularly used metric for evaluating overall quarterback efficiency, and is beneficial for era-comparisons, some may criticize it for not accounting for certain relevant factors (first downs, air yards, dropped passes, etc.) and opt for a more well-rounded metric: EPA+, or expected points added (adjusted). However, historical records of both EPA counts as well as the individual statistics that factor into its calculation are too limited to be reliably used across eras. The calculations would rely on too many estimates to be a truly accurate model to compare quarterbacks.

Sheet CATEGORY_WEIGHTS
B2: GREATEST | C2: BEST | D2: DOMINANT | E2: CLUTCH
B3: What makes a QB great? Values lifetime achievements, "classic" statistics, and overall success. | C3: Prioritized individual ability over team and playoff success. The "raw talent" argument. | D3: Favors era-adjusted stats in an attempt to display how much better a given QB was than his peers. | E3: Which QBs perform best when the lights are brightest? Places higher weights on playoff and Super Bowl success.
B4: Tier 1 (6%)
B5: Super Bowl Wins | C5: Peak Score | D5: Dominance Score | E5: Super Bowl MVPs
E6: Playoff Elevation Score
B7: Tier 2 (4.5%)
B8: MVP Shares | C8: Career ANY/A+ | D8: Yards* | E8: Super Bowl Wins
B9: Yards* | C9: Dominance Score | D9: Touchdowns* | E9: Playoff Success Score
B10: Touchdowns* | C10: MVP Shares | D10: Career ANY/A+ | E10: Yards*
B11: Peak Score | E11: Touchdowns*
B13: Tier 3 (3%)
B14: Super Bowl MVPs | C14: Yards* | D14: Super Bowl Wins | E14: All Pro Score
B15: Playoff Success Score | C15: Touchdowns* | D15: Super Bowl MVPs | E15: Peak Score
B16: All Pro Score | C16: All Pro Score | D16: MVP Shares | E16: Dominance Score
B17: Playoff Elevation Score | C17: Negative Play Rate | D17: All Pro Score
B18: Dominance Score | D18: Peak Score
B20: Tier 4 (1.8%)
B21: Career ANY/A+ | C21: Super Bowl MVPs | D21: Playoff Success Score | E21: MVP Shares
B22: Negative Play Rate | C22: Playoff Elevation Score | D22: Playoff Elevation Score | E22: Career ANY/A+
C23: Rush Yards per Game | D23: Negative Play Rate | E23: Negative Play Rate
B26: Tier 5 (1%)
B27: Pro Bowls | C27: Pro Bowls | D27: Pro Bowls | E27: Pro Bowls
B28: Rush Yards per Game | C28: Super Bowl Wins | D28: Rush Yards per Game | E28: Rush Yards per Game
C29: Playoff Success Score
B32: Total Yards | C32: Yards per Season | D32: Adjusted Yards per Season | E32: Playoff YPG
B33: Total Touchdowns | C33: TDs per Season | D33: Adjusted TDs per Season | E33: Playoff TDPG

Sheet TIER_WEIGHTS
A1: Category | B1: GREATEST | C1: BEST | D1: DOMINANT | E1: CLUTCH
A2: Super Bowl Wins | B2: =IFS( ISNUMBER(MATCH($A2, CATEGORY_WEIGHTS!B$5:B$6, 0)), 0.06, ISNUMBER(MATCH($A2, CATEGORY_WEIGHTS!B$8:B$12, 0)), 0.045, ISNUMBER(MATCH($A2, CATEGORY_WEIGHTS!B$14:B$19, 0)), 0.03, ISNUMBER(MATCH($A2, CATEGORY_WEIGHTS!B$21:B$25, 0)), 0.018, ISNUMBER(MATCH($A2, CATEGORY_WEIGHTS!B$27:B$30, 0)), 0.01 ) -> 0.06 | C2: =IFS( ISNUMBER(MATCH($A2, CATEGORY_WEIGHTS!C$5:C$6, 0)), 0.06, ISNUMBER(MATCH($A2, CATEGORY_WEIGHTS!C$8:C$12, 0)), 0.045, ISNUMBER(MATCH($A2, CATEGORY_WEIGHTS!C$14:C$19, 0)), 0.03, ISNUMBER(MATCH($A2, CATEGORY_WEIGHTS!C$21:C$25, 0)), 0.018, ISNUMBER(MATCH($A2, CATEGORY_WEIGHTS!C$27:C$30, 0)), 0.01 ) -> 0.01 | D2: =IFS( ISNUMBER(MATCH($A2, CATEGORY_WEIGHTS!D$5:D$6, 0)), 0.06, ISNUMBER(MATCH($A2, CATEGORY_WEIGHTS!D$8:D$12, 0)), 0.045, ISNUMBER(MATCH($A2, CATEGORY_WEIGHTS!D$14:D$19, 0)), 0.03, ISNUMBER(MATCH($A2, CATEGORY_WEIGHTS!D$21:D$25, 0)), 0.018, ISNUMBER(MATCH($A2, CATEGORY_WEIGHTS!D$27:D$30, 0)), 0.01 ) -> 0.03 | E2: =IFS( ISNUMBER(MATCH($A2, CATEGORY_WEIGHTS!E$5:E$6, 0)), 0.06, ISNUMBER(MATCH($A2, CATEGORY_WEIGHTS!E$8:E$12, 0)), 0.045, ISNUMBER(MATCH($A2, CATEGORY_WEIGHTS!E$14:E$19, 0)), 0.03, ISNUMBER(MATCH($A2, CATEGORY_WEIGHTS!E$21:E$25, 0)), 0.018, ISNUMBER(MATCH($A2, CATEGORY_WEIGHTS!E$27:E$30, 0)), 0.01 ) -> 0.045
A3: MVP Shares | B3: =IFS( ISNUMBER(MATCH($A3, CATEGORY_WEIGHTS!B$5:B$6, 0)), 0.06, ISNUMBER(MATCH($A3, CATEGORY_WEIGHTS!B$8:B$12, 0)), 0.045, ISNUMBER(MATCH($A3, CATEGORY_WEIGHTS!B$14:B$19, 0)), 0.03, ISNUMBER(MATCH($A3, CATEGORY_WEIGHTS!B$21:B$25, 0)), 0.018, ISNUMBER(MATCH($A3, CATEGORY_WEIGHTS!B$27:B$30, 0)), 0.01 ) -> 0.045 | C3: =IFS( ISNUMBER(MATCH($A3, CATEGORY_WEIGHTS!C$5:C$6, 0)), 0.06, ISNUMBER(MATCH($A3, CATEGORY_WEIGHTS!C$8:C$12, 0)), 0.045, ISNUMBER(MATCH($A3, CATEGORY_WEIGHTS!C$14:C$19, 0)), 0.03, ISNUMBER(MATCH($A3, CATEGORY_WEIGHTS!C$21:C$25, 0)), 0.018, ISNUMBER(MATCH($A3, CATEGORY_WEIGHTS!C$27:C$30, 0)), 0.01 ) -> 0.045 | D3: =IFS( ISNUMBER(MATCH($A3, CATEGORY_WEIGHTS!D$5:D$6, 0)), 0.06, ISNUMBER(MATCH($A3, CATEGORY_WEIGHTS!D$8:D$12, 0)), 0.045, ISNUMBER(MATCH($A3, CATEGORY_WEIGHTS!D$14:D$19, 0)), 0.03, ISNUMBER(MATCH($A3, CATEGORY_WEIGHTS!D$21:D$25, 0)), 0.018, ISNUMBER(MATCH($A3, CATEGORY_WEIGHTS!D$27:D$30, 0)), 0.01 ) -> 0.03 | E3: =IFS( ISNUMBER(MATCH($A3, CATEGORY_WEIGHTS!E$5:E$6, 0)), 0.06, ISNUMBER(MATCH($A3, CATEGORY_WEIGHTS!E$8:E$12, 0)), 0.045, ISNUMBER(MATCH($A3, CATEGORY_WEIGHTS!E$14:E$19, 0)), 0.03, ISNUMBER(MATCH($A3, CATEGORY_WEIGHTS!E$21:E$25, 0)), 0.018, ISNUMBER(MATCH($A3, CATEGORY_WEIGHTS!E$27:E$30, 0)), 0.01 ) -> 0.018 | G3: Model | H3: GREATEST | I3: BEST | J3: DOMINANT | K3: CLUTCH
A4: Yards* | B4: =IFS( ISNUMBER(MATCH($A4, CATEGORY_WEIGHTS!B$5:B$6, 0)), 0.06, ISNUMBER(MATCH($A4, CATEGORY_WEIGHTS!B$8:B$12, 0)), 0.045, ISNUMBER(MATCH($A4, CATEGORY_WEIGHTS!B$14:B$19, 0)), 0.03, ISNUMBER(MATCH($A4, CATEGORY_WEIGHTS!B$21:B$25, 0)), 0.018, ISNUMBER(MATCH($A4, CATEGORY_WEIGHTS!B$27:B$30, 0)), 0.01 ) -> 0.045 | C4: =IFS( ISNUMBER(MATCH($A4, CATEGORY_WEIGHTS!C$5:C$6, 0)), 0.06, ISNUMBER(MATCH($A4, CATEGORY_WEIGHTS!C$8:C$12, 0)), 0.045, ISNUMBER(MATCH($A4, CATEGORY_WEIGHTS!C$14:C$19, 0)), 0.03, ISNUMBER(MATCH($A4, CATEGORY_WEIGHTS!C$21:C$25, 0)), 0.018, ISNUMBER(MATCH($A4, CATEGORY_WEIGHTS!C$27:C$30, 0)), 0.01 ) -> 0.03 | D4: =IFS( ISNUMBER(MATCH($A4, CATEGORY_WEIGHTS!D$5:D$6, 0)), 0.06, ISNUMBER(MATCH($A4, CATEGORY_WEIGHTS!D$8:D$12, 0)), 0.045, ISNUMBER(MATCH($A4, CATEGORY_WEIGHTS!D$14:D$19, 0)), 0.03, ISNUMBER(MATCH($A4, CATEGORY_WEIGHTS!D$21:D$25, 0)), 0.018, ISNUMBER(MATCH($A4, CATEGORY_WEIGHTS!D$27:D$30, 0)), 0.01 ) -> 0.045 | E4: =IFS( ISNUMBER(MATCH($A4, CATEGORY_WEIGHTS!E$5:E$6, 0)), 0.06, ISNUMBER(MATCH($A4, CATEGORY_WEIGHTS!E$8:E$12, 0)), 0.045, ISNUMBER(MATCH($A4, CATEGORY_WEIGHTS!E$14:E$19, 0)), 0.03, ISNUMBER(MATCH($A4, CATEGORY_WEIGHTS!E$21:E$25, 0)), 0.018, ISNUMBER(MATCH($A4, CATEGORY_WEIGHTS!E$27:E$30, 0)), 0.01 ) -> 0.045 | G4: Weight | H4: 0.4 | I4: 0.3 | J4: 0.2 | K4: 0.1
A5: Touchdowns* | B5: =IFS( ISNUMBER(MATCH($A5, CATEGORY_WEIGHTS!B$5:B$6, 0)), 0.06, ISNUMBER(MATCH($A5, CATEGORY_WEIGHTS!B$8:B$12, 0)), 0.045, ISNUMBER(MATCH($A5, CATEGORY_WEIGHTS!B$14:B$19, 0)), 0.03, ISNUMBER(MATCH($A5, CATEGORY_WEIGHTS!B$21:B$25, 0)), 0.018, ISNUMBER(MATCH($A5, CATEGORY_WEIGHTS!B$27:B$30, 0)), 0.01 ) -> 0.045 | C5: =IFS( ISNUMBER(MATCH($A5, CATEGORY_WEIGHTS!C$5:C$6, 0)), 0.06, ISNUMBER(MATCH($A5, CATEGORY_WEIGHTS!C$8:C$12, 0)), 0.045, ISNUMBER(MATCH($A5, CATEGORY_WEIGHTS!C$14:C$19, 0)), 0.03, ISNUMBER(MATCH($A5, CATEGORY_WEIGHTS!C$21:C$25, 0)), 0.018, ISNUMBER(MATCH($A5, CATEGORY_WEIGHTS!C$27:C$30, 0)), 0.01 ) -> 0.03 | D5: =IFS( ISNUMBER(MATCH($A5, CATEGORY_WEIGHTS!D$5:D$6, 0)), 0.06, ISNUMBER(MATCH($A5, CATEGORY_WEIGHTS!D$8:D$12, 0)), 0.045, ISNUMBER(MATCH($A5, CATEGORY_WEIGHTS!D$14:D$19, 0)), 0.03, ISNUMBER(MATCH($A5, CATEGORY_WEIGHTS!D$21:D$25, 0)), 0.018, ISNUMBER(MATCH($A5, CATEGORY_WEIGHTS!D$27:D$30, 0)), 0.01 ) -> 0.045 | E5: =IFS( ISNUMBER(MATCH($A5, CATEGORY_WEIGHTS!E$5:E$6, 0)), 0.06, ISNUMBER(MATCH($A5, CATEGORY_WEIGHTS!E$8:E$12, 0)), 0.045, ISNUMBER(MATCH($A5, CATEGORY_WEIGHTS!E$14:E$19, 0)), 0.03, ISNUMBER(MATCH($A5, CATEGORY_WEIGHTS!E$21:E$25, 0)), 0.018, ISNUMBER(MATCH($A5, CATEGORY_WEIGHTS!E$27:E$30, 0)), 0.01 ) -> 0.045
A6: Peak Score | B6: =IFS( ISNUMBER(MATCH($A6, CATEGORY_WEIGHTS!B$5:B$6, 0)), 0.06, ISNUMBER(MATCH($A6, CATEGORY_WEIGHTS!B$8:B$12, 0)), 0.045, ISNUMBER(MATCH($A6, CATEGORY_WEIGHTS!B$14:B$19, 0)), 0.03, ISNUMBER(MATCH($A6, CATEGORY_WEIGHTS!B$21:B$25, 0)), 0.018, ISNUMBER(MATCH($A6, CATEGORY_WEIGHTS!B$27:B$30, 0)), 0.01 ) -> 0.045 | C6: =IFS( ISNUMBER(MATCH($A6, CATEGORY_WEIGHTS!C$5:C$6, 0)), 0.06, ISNUMBER(MATCH($A6, CATEGORY_WEIGHTS!C$8:C$12, 0)), 0.045, ISNUMBER(MATCH($A6, CATEGORY_WEIGHTS!C$14:C$19, 0)), 0.03, ISNUMBER(MATCH($A6, CATEGORY_WEIGHTS!C$21:C$25, 0)), 0.018, ISNUMBER(MATCH($A6, CATEGORY_WEIGHTS!C$27:C$30, 0)), 0.01 ) -> 0.06 | D6: =IFS( ISNUMBER(MATCH($A6, CATEGORY_WEIGHTS!D$5:D$6, 0)), 0.06, ISNUMBER(MATCH($A6, CATEGORY_WEIGHTS!D$8:D$12, 0)), 0.045, ISNUMBER(MATCH($A6, CATEGORY_WEIGHTS!D$14:D$19, 0)), 0.03, ISNUMBER(MATCH($A6, CATEGORY_WEIGHTS!D$21:D$25, 0)), 0.018, ISNUMBER(MATCH($A6, CATEGORY_WEIGHTS!D$27:D$30, 0)), 0.01 ) -> 0.03 | E6: =IFS( ISNUMBER(MATCH($A6, CATEGORY_WEIGHTS!E$5:E$6, 0)), 0.06, ISNUMBER(MATCH($A6, CATEGORY_WEIGHTS!E$8:E$12, 0)), 0.045, ISNUMBER(MATCH($A6, CATEGORY_WEIGHTS!E$14:E$19, 0)), 0.03, ISNUMBER(MATCH($A6, CATEGORY_WEIGHTS!E$21:E$25, 0)), 0.018, ISNUMBER(MATCH($A6, CATEGORY_WEIGHTS!E$27:E$30, 0)), 0.01 ) -> 0.03
A7: Super Bowl MVPs | B7: =IFS( ISNUMBER(MATCH($A7, CATEGORY_WEIGHTS!B$5:B$6, 0)), 0.06, ISNUMBER(MATCH($A7, CATEGORY_WEIGHTS!B$8:B$12, 0)), 0.045, ISNUMBER(MATCH($A7, CATEGORY_WEIGHTS!B$14:B$19, 0)), 0.03, ISNUMBER(MATCH($A7, CATEGORY_WEIGHTS!B$21:B$25, 0)), 0.018, ISNUMBER(MATCH($A7, CATEGORY_WEIGHTS!B$27:B$30, 0)), 0.01 ) -> 0.03 | C7: =IFS( ISNUMBER(MATCH($A7, CATEGORY_WEIGHTS!C$5:C$6, 0)), 0.06, ISNUMBER(MATCH($A7, CATEGORY_WEIGHTS!C$8:C$12, 0)), 0.045, ISNUMBER(MATCH($A7, CATEGORY_WEIGHTS!C$14:C$19, 0)), 0.03, ISNUMBER(MATCH($A7, CATEGORY_WEIGHTS!C$21:C$25, 0)), 0.018, ISNUMBER(MATCH($A7, CATEGORY_WEIGHTS!C$27:C$30, 0)), 0.01 ) -> 0.018 | D7: =IFS( ISNUMBER(MATCH($A7, CATEGORY_WEIGHTS!D$5:D$6, 0)), 0.06, ISNUMBER(MATCH($A7, CATEGORY_WEIGHTS!D$8:D$12, 0)), 0.045, ISNUMBER(MATCH($A7, CATEGORY_WEIGHTS!D$14:D$19, 0)), 0.03, ISNUMBER(MATCH($A7, CATEGORY_WEIGHTS!D$21:D$25, 0)), 0.018, ISNUMBER(MATCH($A7, CATEGORY_WEIGHTS!D$27:D$30, 0)), 0.01 ) -> 0.03 | E7: =IFS( ISNUMBER(MATCH($A7, CATEGORY_WEIGHTS!E$5:E$6, 0)), 0.06, ISNUMBER(MATCH($A7, CATEGORY_WEIGHTS!E$8:E$12, 0)), 0.045, ISNUMBER(MATCH($A7, CATEGORY_WEIGHTS!E$14:E$19, 0)), 0.03, ISNUMBER(MATCH($A7, CATEGORY_WEIGHTS!E$21:E$25, 0)), 0.018, ISNUMBER(MATCH($A7, CATEGORY_WEIGHTS!E$27:E$30, 0)), 0.01 ) -> 0.06
A8: Playoff Success Score | B8: =IFS( ISNUMBER(MATCH($A8, CATEGORY_WEIGHTS!B$5:B$6, 0)), 0.06, ISNUMBER(MATCH($A8, CATEGORY_WEIGHTS!B$8:B$12, 0)), 0.045, ISNUMBER(MATCH($A8, CATEGORY_WEIGHTS!B$14:B$19, 0)), 0.03, ISNUMBER(MATCH($A8, CATEGORY_WEIGHTS!B$21:B$25, 0)), 0.018, ISNUMBER(MATCH($A8, CATEGORY_WEIGHTS!B$27:B$30, 0)), 0.01 ) -> 0.03 | C8: =IFS( ISNUMBER(MATCH($A8, CATEGORY_WEIGHTS!C$5:C$6, 0)), 0.06, ISNUMBER(MATCH($A8, CATEGORY_WEIGHTS!C$8:C$12, 0)), 0.045, ISNUMBER(MATCH($A8, CATEGORY_WEIGHTS!C$14:C$19, 0)), 0.03, ISNUMBER(MATCH($A8, CATEGORY_WEIGHTS!C$21:C$25, 0)), 0.018, ISNUMBER(MATCH($A8, CATEGORY_WEIGHTS!C$27:C$30, 0)), 0.01 ) -> 0.01 | D8: =IFS( ISNUMBER(MATCH($A8, CATEGORY_WEIGHTS!D$5:D$6, 0)), 0.06, ISNUMBER(MATCH($A8, CATEGORY_WEIGHTS!D$8:D$12, 0)), 0.045, ISNUMBER(MATCH($A8, CATEGORY_WEIGHTS!D$14:D$19, 0)), 0.03, ISNUMBER(MATCH($A8, CATEGORY_WEIGHTS!D$21:D$25, 0)), 0.018, ISNUMBER(MATCH($A8, CATEGORY_WEIGHTS!D$27:D$30, 0)), 0.01 ) -> 0.018 | E8: =IFS( ISNUMBER(MATCH($A8, CATEGORY_WEIGHTS!E$5:E$6, 0)), 0.06, ISNUMBER(MATCH($A8, CATEGORY_WEIGHTS!E$8:E$12, 0)), 0.045, ISNUMBER(MATCH($A8, CATEGORY_WEIGHTS!E$14:E$19, 0)), 0.03, ISNUMBER(MATCH($A8, CATEGORY_WEIGHTS!E$21:E$25, 0)), 0.018, ISNUMBER(MATCH($A8, CATEGORY_WEIGHTS!E$27:E$30, 0)), 0.01 ) -> 0.045
A9: All Pro Score | B9: =IFS( ISNUMBER(MATCH($A9, CATEGORY_WEIGHTS!B$5:B$6, 0)), 0.06, ISNUMBER(MATCH($A9, CATEGORY_WEIGHTS!B$8:B$12, 0)), 0.045, ISNUMBER(MATCH($A9, CATEGORY_WEIGHTS!B$14:B$19, 0)), 0.03, ISNUMBER(MATCH($A9, CATEGORY_WEIGHTS!B$21:B$25, 0)), 0.018, ISNUMBER(MATCH($A9, CATEGORY_WEIGHTS!B$27:B$30, 0)), 0.01 ) -> 0.03 | C9: =IFS( ISNUMBER(MATCH($A9, CATEGORY_WEIGHTS!C$5:C$6, 0)), 0.06, ISNUMBER(MATCH($A9, CATEGORY_WEIGHTS!C$8:C$12, 0)), 0.045, ISNUMBER(MATCH($A9, CATEGORY_WEIGHTS!C$14:C$19, 0)), 0.03, ISNUMBER(MATCH($A9, CATEGORY_WEIGHTS!C$21:C$25, 0)), 0.018, ISNUMBER(MATCH($A9, CATEGORY_WEIGHTS!C$27:C$30, 0)), 0.01 ) -> 0.03 | D9: =IFS( ISNUMBER(MATCH($A9, CATEGORY_WEIGHTS!D$5:D$6, 0)), 0.06, ISNUMBER(MATCH($A9, CATEGORY_WEIGHTS!D$8:D$12, 0)), 0.045, ISNUMBER(MATCH($A9, CATEGORY_WEIGHTS!D$14:D$19, 0)), 0.03, ISNUMBER(MATCH($A9, CATEGORY_WEIGHTS!D$21:D$25, 0)), 0.018, ISNUMBER(MATCH($A9, CATEGORY_WEIGHTS!D$27:D$30, 0)), 0.01 ) -> 0.03 | E9: =IFS( ISNUMBER(MATCH($A9, CATEGORY_WEIGHTS!E$5:E$6, 0)), 0.06, ISNUMBER(MATCH($A9, CATEGORY_WEIGHTS!E$8:E$12, 0)), 0.045, ISNUMBER(MATCH($A9, CATEGORY_WEIGHTS!E$14:E$19, 0)), 0.03, ISNUMBER(MATCH($A9, CATEGORY_WEIGHTS!E$21:E$25, 0)), 0.018, ISNUMBER(MATCH($A9, CATEGORY_WEIGHTS!E$27:E$30, 0)), 0.01 ) -> 0.03
A10: Playoff Elevation Score | B10: =IFS( ISNUMBER(MATCH($A10, CATEGORY_WEIGHTS!B$5:B$6, 0)), 0.06, ISNUMBER(MATCH($A10, CATEGORY_WEIGHTS!B$8:B$12, 0)), 0.045, ISNUMBER(MATCH($A10, CATEGORY_WEIGHTS!B$14:B$19, 0)), 0.03, ISNUMBER(MATCH($A10, CATEGORY_WEIGHTS!B$21:B$25, 0)), 0.018, ISNUMBER(MATCH($A10, CATEGORY_WEIGHTS!B$27:B$30, 0)), 0.01 ) -> 0.03 | C10: =IFS( ISNUMBER(MATCH($A10, CATEGORY_WEIGHTS!C$5:C$6, 0)), 0.06, ISNUMBER(MATCH($A10, CATEGORY_WEIGHTS!C$8:C$12, 0)), 0.045, ISNUMBER(MATCH($A10, CATEGORY_WEIGHTS!C$14:C$19, 0)), 0.03, ISNUMBER(MATCH($A10, CATEGORY_WEIGHTS!C$21:C$25, 0)), 0.018, ISNUMBER(MATCH($A10, CATEGORY_WEIGHTS!C$27:C$30, 0)), 0.01 ) -> 0.018 | D10: =IFS( ISNUMBER(MATCH($A10, CATEGORY_WEIGHTS!D$5:D$6, 0)), 0.06, ISNUMBER(MATCH($A10, CATEGORY_WEIGHTS!D$8:D$12, 0)), 0.045, ISNUMBER(MATCH($A10, CATEGORY_WEIGHTS!D$14:D$19, 0)), 0.03, ISNUMBER(MATCH($A10, CATEGORY_WEIGHTS!D$21:D$25, 0)), 0.018, ISNUMBER(MATCH($A10, CATEGORY_WEIGHTS!D$27:D$30, 0)), 0.01 ) -> 0.018 | E10: =IFS( ISNUMBER(MATCH($A10, CATEGORY_WEIGHTS!E$5:E$6, 0)), 0.06, ISNUMBER(MATCH($A10, CATEGORY_WEIGHTS!E$8:E$12, 0)), 0.045, ISNUMBER(MATCH($A10, CATEGORY_WEIGHTS!E$14:E$19, 0)), 0.03, ISNUMBER(MATCH($A10, CATEGORY_WEIGHTS!E$21:E$25, 0)), 0.018, ISNUMBER(MATCH($A10, CATEGORY_WEIGHTS!E$27:E$30, 0)), 0.01 ) -> 0.06
A11: Dominance Score | B11: =IFS( ISNUMBER(MATCH($A11, CATEGORY_WEIGHTS!B$5:B$6, 0)), 0.06, ISNUMBER(MATCH($A11, CATEGORY_WEIGHTS!B$8:B$12, 0)), 0.045, ISNUMBER(MATCH($A11, CATEGORY_WEIGHTS!B$14:B$19, 0)), 0.03, ISNUMBER(MATCH($A11, CATEGORY_WEIGHTS!B$21:B$25, 0)), 0.018, ISNUMBER(MATCH($A11, CATEGORY_WEIGHTS!B$27:B$30, 0)), 0.01 ) -> 0.03 | C11: =IFS( ISNUMBER(MATCH($A11, CATEGORY_WEIGHTS!C$5:C$6, 0)), 0.06, ISNUMBER(MATCH($A11, CATEGORY_WEIGHTS!C$8:C$12, 0)), 0.045, ISNUMBER(MATCH($A11, CATEGORY_WEIGHTS!C$14:C$19, 0)), 0.03, ISNUMBER(MATCH($A11, CATEGORY_WEIGHTS!C$21:C$25, 0)), 0.018, ISNUMBER(MATCH($A11, CATEGORY_WEIGHTS!C$27:C$30, 0)), 0.01 ) -> 0.045 | D11: =IFS( ISNUMBER(MATCH($A11, CATEGORY_WEIGHTS!D$5:D$6, 0)), 0.06, ISNUMBER(MATCH($A11, CATEGORY_WEIGHTS!D$8:D$12, 0)), 0.045, ISNUMBER(MATCH($A11, CATEGORY_WEIGHTS!D$14:D$19, 0)), 0.03, ISNUMBER(MATCH($A11, CATEGORY_WEIGHTS!D$21:D$25, 0)), 0.018, ISNUMBER(MATCH($A11, CATEGORY_WEIGHTS!D$27:D$30, 0)), 0.01 ) -> 0.06 | E11: =IFS( ISNUMBER(MATCH($A11, CATEGORY_WEIGHTS!E$5:E$6, 0)), 0.06, ISNUMBER(MATCH($A11, CATEGORY_WEIGHTS!E$8:E$12, 0)), 0.045, ISNUMBER(MATCH($A11, CATEGORY_WEIGHTS!E$14:E$19, 0)), 0.03, ISNUMBER(MATCH($A11, CATEGORY_WEIGHTS!E$21:E$25, 0)), 0.018, ISNUMBER(MATCH($A11, CATEGORY_WEIGHTS!E$27:E$30, 0)), 0.01 ) -> 0.03
A12: Career ANY/A+ | B12: =IFS( ISNUMBER(MATCH($A12, CATEGORY_WEIGHTS!B$5:B$6, 0)), 0.06, ISNUMBER(MATCH($A12, CATEGORY_WEIGHTS!B$8:B$12, 0)), 0.045, ISNUMBER(MATCH($A12, CATEGORY_WEIGHTS!B$14:B$19, 0)), 0.03, ISNUMBER(MATCH($A12, CATEGORY_WEIGHTS!B$21:B$25, 0)), 0.018, ISNUMBER(MATCH($A12, CATEGORY_WEIGHTS!B$27:B$30, 0)), 0.01 ) -> 0.018 | C12: =IFS( ISNUMBER(MATCH($A12, CATEGORY_WEIGHTS!C$5:C$6, 0)), 0.06, ISNUMBER(MATCH($A12, CATEGORY_WEIGHTS!C$8:C$12, 0)), 0.045, ISNUMBER(MATCH($A12, CATEGORY_WEIGHTS!C$14:C$19, 0)), 0.03, ISNUMBER(MATCH($A12, CATEGORY_WEIGHTS!C$21:C$25, 0)), 0.018, ISNUMBER(MATCH($A12, CATEGORY_WEIGHTS!C$27:C$30, 0)), 0.01 ) -> 0.045 | D12: =IFS( ISNUMBER(MATCH($A12, CATEGORY_WEIGHTS!D$5:D$6, 0)), 0.06, ISNUMBER(MATCH($A12, CATEGORY_WEIGHTS!D$8:D$12, 0)), 0.045, ISNUMBER(MATCH($A12, CATEGORY_WEIGHTS!D$14:D$19, 0)), 0.03, ISNUMBER(MATCH($A12, CATEGORY_WEIGHTS!D$21:D$25, 0)), 0.018, ISNUMBER(MATCH($A12, CATEGORY_WEIGHTS!D$27:D$30, 0)), 0.01 ) -> 0.045 | E12: =IFS( ISNUMBER(MATCH($A12, CATEGORY_WEIGHTS!E$5:E$6, 0)), 0.06, ISNUMBER(MATCH($A12, CATEGORY_WEIGHTS!E$8:E$12, 0)), 0.045, ISNUMBER(MATCH($A12, CATEGORY_WEIGHTS!E$14:E$19, 0)), 0.03, ISNUMBER(MATCH($A12, CATEGORY_WEIGHTS!E$21:E$25, 0)), 0.018, ISNUMBER(MATCH($A12, CATEGORY_WEIGHTS!E$27:E$30, 0)), 0.01 ) -> 0.018
A13: Negative Play Rate | B13: =IFS( ISNUMBER(MATCH($A13, CATEGORY_WEIGHTS!B$5:B$6, 0)), 0.06, ISNUMBER(MATCH($A13, CATEGORY_WEIGHTS!B$8:B$12, 0)), 0.045, ISNUMBER(MATCH($A13, CATEGORY_WEIGHTS!B$14:B$19, 0)), 0.03, ISNUMBER(MATCH($A13, CATEGORY_WEIGHTS!B$21:B$25, 0)), 0.018, ISNUMBER(MATCH($A13, CATEGORY_WEIGHTS!B$27:B$30, 0)), 0.01 ) -> 0.018 | C13: =IFS( ISNUMBER(MATCH($A13, CATEGORY_WEIGHTS!C$5:C$6, 0)), 0.06, ISNUMBER(MATCH($A13, CATEGORY_WEIGHTS!C$8:C$12, 0)), 0.045, ISNUMBER(MATCH($A13, CATEGORY_WEIGHTS!C$14:C$19, 0)), 0.03, ISNUMBER(MATCH($A13, CATEGORY_WEIGHTS!C$21:C$25, 0)), 0.018, ISNUMBER(MATCH($A13, CATEGORY_WEIGHTS!C$27:C$30, 0)), 0.01 ) -> 0.03 | D13: =IFS( ISNUMBER(MATCH($A13, CATEGORY_WEIGHTS!D$5:D$6, 0)), 0.06, ISNUMBER(MATCH($A13, CATEGORY_WEIGHTS!D$8:D$12, 0)), 0.045, ISNUMBER(MATCH($A13, CATEGORY_WEIGHTS!D$14:D$19, 0)), 0.03, ISNUMBER(MATCH($A13, CATEGORY_WEIGHTS!D$21:D$25, 0)), 0.018, ISNUMBER(MATCH($A13, CATEGORY_WEIGHTS!D$27:D$30, 0)), 0.01 ) -> 0.018 | E13: =IFS( ISNUMBER(MATCH($A13, CATEGORY_WEIGHTS!E$5:E$6, 0)), 0.06, ISNUMBER(MATCH($A13, CATEGORY_WEIGHTS!E$8:E$12, 0)), 0.045, ISNUMBER(MATCH($A13, CATEGORY_WEIGHTS!E$14:E$19, 0)), 0.03, ISNUMBER(MATCH($A13, CATEGORY_WEIGHTS!E$21:E$25, 0)), 0.018, ISNUMBER(MATCH($A13, CATEGORY_WEIGHTS!E$27:E$30, 0)), 0.01 ) -> 0.018
A14: Pro Bowls | B14: =IFS( ISNUMBER(MATCH($A14, CATEGORY_WEIGHTS!B$5:B$6, 0)), 0.06, ISNUMBER(MATCH($A14, CATEGORY_WEIGHTS!B$8:B$12, 0)), 0.045, ISNUMBER(MATCH($A14, CATEGORY_WEIGHTS!B$14:B$19, 0)), 0.03, ISNUMBER(MATCH($A14, CATEGORY_WEIGHTS!B$21:B$25, 0)), 0.018, ISNUMBER(MATCH($A14, CATEGORY_WEIGHTS!B$27:B$30, 0)), 0.01 ) -> 0.01 | C14: =IFS( ISNUMBER(MATCH($A14, CATEGORY_WEIGHTS!C$5:C$6, 0)), 0.06, ISNUMBER(MATCH($A14, CATEGORY_WEIGHTS!C$8:C$12, 0)), 0.045, ISNUMBER(MATCH($A14, CATEGORY_WEIGHTS!C$14:C$19, 0)), 0.03, ISNUMBER(MATCH($A14, CATEGORY_WEIGHTS!C$21:C$25, 0)), 0.018, ISNUMBER(MATCH($A14, CATEGORY_WEIGHTS!C$27:C$30, 0)), 0.01 ) -> 0.01 | D14: =IFS( ISNUMBER(MATCH($A14, CATEGORY_WEIGHTS!D$5:D$6, 0)), 0.06, ISNUMBER(MATCH($A14, CATEGORY_WEIGHTS!D$8:D$12, 0)), 0.045, ISNUMBER(MATCH($A14, CATEGORY_WEIGHTS!D$14:D$19, 0)), 0.03, ISNUMBER(MATCH($A14, CATEGORY_WEIGHTS!D$21:D$25, 0)), 0.018, ISNUMBER(MATCH($A14, CATEGORY_WEIGHTS!D$27:D$30, 0)), 0.01 ) -> 0.01 | E14: =IFS( ISNUMBER(MATCH($A14, CATEGORY_WEIGHTS!E$5:E$6, 0)), 0.06, ISNUMBER(MATCH($A14, CATEGORY_WEIGHTS!E$8:E$12, 0)), 0.045, ISNUMBER(MATCH($A14, CATEGORY_WEIGHTS!E$14:E$19, 0)), 0.03, ISNUMBER(MATCH($A14, CATEGORY_WEIGHTS!E$21:E$25, 0)), 0.018, ISNUMBER(MATCH($A14, CATEGORY_WEIGHTS!E$27:E$30, 0)), 0.01 ) -> 0.01
A15: Rush Yards per Game | B15: =IFS( ISNUMBER(MATCH($A15, CATEGORY_WEIGHTS!B$5:B$6, 0)), 0.06, ISNUMBER(MATCH($A15, CATEGORY_WEIGHTS!B$8:B$12, 0)), 0.045, ISNUMBER(MATCH($A15, CATEGORY_WEIGHTS!B$14:B$19, 0)), 0.03, ISNUMBER(MATCH($A15, CATEGORY_WEIGHTS!B$21:B$25, 0)), 0.018, ISNUMBER(MATCH($A15, CATEGORY_WEIGHTS!B$27:B$30, 0)), 0.01 ) -> 0.01 | C15: =IFS( ISNUMBER(MATCH($A15, CATEGORY_WEIGHTS!C$5:C$6, 0)), 0.06, ISNUMBER(MATCH($A15, CATEGORY_WEIGHTS!C$8:C$12, 0)), 0.045, ISNUMBER(MATCH($A15, CATEGORY_WEIGHTS!C$14:C$19, 0)), 0.03, ISNUMBER(MATCH($A15, CATEGORY_WEIGHTS!C$21:C$25, 0)), 0.018, ISNUMBER(MATCH($A15, CATEGORY_WEIGHTS!C$27:C$30, 0)), 0.01 ) -> 0.018 | D15: =IFS( ISNUMBER(MATCH($A15, CATEGORY_WEIGHTS!D$5:D$6, 0)), 0.06, ISNUMBER(MATCH($A15, CATEGORY_WEIGHTS!D$8:D$12, 0)), 0.045, ISNUMBER(MATCH($A15, CATEGORY_WEIGHTS!D$14:D$19, 0)), 0.03, ISNUMBER(MATCH($A15, CATEGORY_WEIGHTS!D$21:D$25, 0)), 0.018, ISNUMBER(MATCH($A15, CATEGORY_WEIGHTS!D$27:D$30, 0)), 0.01 ) -> 0.01 | E15: =IFS( ISNUMBER(MATCH($A15, CATEGORY_WEIGHTS!E$5:E$6, 0)), 0.06, ISNUMBER(MATCH($A15, CATEGORY_WEIGHTS!E$8:E$12, 0)), 0.045, ISNUMBER(MATCH($A15, CATEGORY_WEIGHTS!E$14:E$19, 0)), 0.03, ISNUMBER(MATCH($A15, CATEGORY_WEIGHTS!E$21:E$25, 0)), 0.018, ISNUMBER(MATCH($A15, CATEGORY_WEIGHTS!E$27:E$30, 0)), 0.01 ) -> 0.01
A16: MODEL SUM | B16: =SUM(Weights_by_Category[GREATEST]) -> 0.446 | C16: =sum(Weights_by_Category[BEST]) -> 0.399 | D16: =sum(Weights_by_Category[DOMINANT]) -> 0.419 | E16: =SUM(Weights_by_Category[CLUTCH]) -> 0.464

Sheet MODEL_GREATEST
A1: # | B1: QB | C1: GREATNESS SCORE | D1: Super Bowls | E1: Playoff Success Score | F1: Super Bowl MVPs | G1: MVP Shares | H1: All-Pro Score | I1: Pro Bowls | J1: Career Passing Yards | K1: Career Passing Touchdowns | L1: Career ANY/A+ | M1: Rush Yards per Game | N1: Negative Play Rate | O1: Peak Score | P1: Dominance Score | Q1: Playoff Elevation Score | R1: TOTAL
A2: 1 | B2: Tom Brady | C2: =R2/Weights_by_Category[[#TOTALS],[GREATEST]] -> 81.943889 | D2: =NORMALIZED_DATA!B2*TIER_WEIGHTS!$B$2 -> 6 | E2: =NORMALIZED_DATA!C2*TIER_WEIGHTS!$B$8 -> 3 | F2: =NORMALIZED_DATA!D2*TIER_WEIGHTS!$B$7 -> 3 | G2: =NORMALIZED_DATA!F2*TIER_WEIGHTS!$B$3 -> 3.5371179 | H2: =NORMALIZED_DATA!G2*TIER_WEIGHTS!$B$9 -> 1.5882353 | I2: =NORMALIZED_DATA!H2*TIER_WEIGHTS!$B$14 -> 1 | J2: =NORMALIZED_DATA!I2*TIER_WEIGHTS!$B$4 -> 4.5 | K2: =NORMALIZED_DATA!N2*TIER_WEIGHTS!$B$5 -> 4.5 | L2: =NORMALIZED_DATA!U2*TIER_WEIGHTS!$B$12 -> 0.96923077 | M2: =NORMALIZED_DATA!V2*TIER_WEIGHTS!$B$15 -> 0.053545845 | N2: =NORMALIZED_DATA!W2*TIER_WEIGHTS!$B$13 -> 1.773913 | O2: =NORMALIZED_DATA!Y2*TIER_WEIGHTS!$B$6 -> 3.2544643 | P2: =NORMALIZED_DATA!Z2*TIER_WEIGHTS!$B$11 -> 1.6666667 | Q2: =NORMALIZED_DATA!AA2*TIER_WEIGHTS!$B$10 -> 1.7038006 | R2: =sum(D2:Q2) -> 36.546974
A3: 2 | B3: Peyton Manning | C3: =R3/Weights_by_Category[[#TOTALS],[GREATEST]] -> 66.817976 | D3: =NORMALIZED_DATA!B4*TIER_WEIGHTS!$B$2 -> 1.7142857 | E3: =NORMALIZED_DATA!C4*TIER_WEIGHTS!$B$8 -> 1.2083333 | F3: =NORMALIZED_DATA!D4*TIER_WEIGHTS!$B$7 -> 0.6 | G3: =NORMALIZED_DATA!F4*TIER_WEIGHTS!$B$3 -> 4.5 | H3: =NORMALIZED_DATA!G4*TIER_WEIGHTS!$B$9 -> 3 | I3: =NORMALIZED_DATA!H4*TIER_WEIGHTS!$B$14 -> 0.91666667 | J3: =NORMALIZED_DATA!I4*TIER_WEIGHTS!$B$4 -> 3.3454581 | K3: =NORMALIZED_DATA!N4*TIER_WEIGHTS!$B$5 -> 3.5040241 | L3: =NORMALIZED_DATA!U4*TIER_WEIGHTS!$B$12 -> 1.2461538 | M3: =NORMALIZED_DATA!V4*TIER_WEIGHTS!$B$15 -> 0.038502865 | N3: =NORMALIZED_DATA!W4*TIER_WEIGHTS!$B$13 -> 1.4347826 | O3: =NORMALIZED_DATA!Y4*TIER_WEIGHTS!$B$6 -> 4.0178571 | P3: =NORMALIZED_DATA!Z4*TIER_WEIGHTS!$B$11 -> 2.6666667 | Q3: =NORMALIZED_DATA!AA4*TIER_WEIGHTS!$B$10 -> 1.6080862 | R3: =sum(D3:Q3) -> 29.800817
A4: 3 | B4: Aaron Rodgers | C4: =R4/Weights_by_Category[[#TOTALS],[GREATEST]] -> 52.882056 | D4: =NORMALIZED_DATA!B7*TIER_WEIGHTS!$B$2 -> 0.85714286 | E4: =NORMALIZED_DATA!C7*TIER_WEIGHTS!$B$8 -> 0.83333333 | F4: =NORMALIZED_DATA!D7*TIER_WEIGHTS!$B$7 -> 0.6 | G4: =NORMALIZED_DATA!F7*TIER_WEIGHTS!$B$3 -> 3.2227074 | H4: =NORMALIZED_DATA!G7*TIER_WEIGHTS!$B$9 -> 1.5882353 | I4: =NORMALIZED_DATA!H7*TIER_WEIGHTS!$B$14 -> 0.58333333 | J4: =NORMALIZED_DATA!I7*TIER_WEIGHTS!$B$4 -> 2.9667597 | K4: =NORMALIZED_DATA!N7*TIER_WEIGHTS!$B$5 -> 3.3953722 | L4: =NORMALIZED_DATA!U7*TIER_WEIGHTS!$B$12 -> 0.9 | M4: =NORMALIZED_DATA!V7*TIER_WEIGHTS!$B$15 -> 0.24068768 | N4: =NORMALIZED_DATA!W7*TIER_WEIGHTS!$B$13 -> 1.4869565 | O4: =NORMALIZED_DATA!Y7*TIER_WEIGHTS!$B$6 -> 3.4151786 | P4: =NORMALIZED_DATA!Z7*TIER_WEIGHTS!$B$11 -> 1.6666667 | Q4: =NORMALIZED_DATA!AA7*TIER_WEIGHTS!$B$10 -> 1.8290233 | R4: =sum(D4:Q4) -> 23.585397
A5: 4 | B5: Otto Graham | C5: =R5/Weights_by_Category[[#TOTALS],[GREATEST]] -> 49.757899 | D5: =NORMALIZED_DATA!B16*TIER_WEIGHTS!$B$2 -> 6 | E5: =NORMALIZED_DATA!C16*TIER_WEIGHTS!$B$8 -> 0.33333333 | F5: =NORMALIZED_DATA!D16*TIER_WEIGHTS!$B$7 -> 0 | G5: =NORMALIZED_DATA!F16*TIER_WEIGHTS!$B$3 -> 2.0731441 | H5: =NORMALIZED_DATA!G16*TIER_WEIGHTS!$B$9 -> 1.7647059 | I5: =NORMALIZED_DATA!H16*TIER_WEIGHTS!$B$14 -> 0.16666667 | J5: =NORMALIZED_DATA!I16*TIER_WEIGHTS!$B$4 -> 0.11348919 | K5: =NORMALIZED_DATA!N16*TIER_WEIGHTS!$B$5 -> 0.19919517 | L5: =NORMALIZED_DATA!U16*TIER_WEIGHTS!$B$12 -> 1.8 | M5: =NORMALIZED_DATA!V16*TIER_WEIGHTS!$B$15 -> 0.11891117 | N5: =NORMALIZED_DATA!W16*TIER_WEIGHTS!$B$13 -> 1.773913 | O5: =NORMALIZED_DATA!Y16*TIER_WEIGHTS!$B$6 -> 4.1785714 | P5: =NORMALIZED_DATA!Z16*TIER_WEIGHTS!$B$11 -> 2.6666667 | Q5: =NORMALIZED_DATA!AA16*TIER_WEIGHTS!$B$10 -> 1.0034263 | R5: =sum(D5:Q5) -> 22.192023
A6: 5 | B6: Joe Montana | C6: =R6/Weights_by_Category[[#TOTALS],[GREATEST]] -> 46.853122 | D6: =NORMALIZED_DATA!B3*TIER_WEIGHTS!$B$2 -> 3.4285714 | E6: =NORMALIZED_DATA!C3*TIER_WEIGHTS!$B$8 -> 1.2916667 | F6: =NORMALIZED_DATA!D3*TIER_WEIGHTS!$B$7 -> 1.8 | G6: =NORMALIZED_DATA!F3*TIER_WEIGHTS!$B$3 -> 1.6015284 | H6: =NORMALIZED_DATA!G3*TIER_WEIGHTS!$B$9 -> 1.4117647 | I6: =NORMALIZED_DATA!H3*TIER_WEIGHTS!$B$14 -> 0.41666667 | J6: =NORMALIZED_DATA!I3*TIER_WEIGHTS!$B$4 -> 1.2475122 | K6: =NORMALIZED_DATA!N3*TIER_WEIGHTS!$B$5 -> 1.0955734 | L6: =NORMALIZED_DATA!U3*TIER_WEIGHTS!$B$12 -> 1.2461538 | M6: =NORMALIZED_DATA!V3*TIER_WEIGHTS!$B$15 -> 0.14989255 | N6: =NORMALIZED_DATA!W3*TIER_WEIGHTS!$B$13 -> 1.7217391 | O6: =NORMALIZED_DATA!Y3*TIER_WEIGHTS!$B$6 -> 2.3303571 | P6: =NORMALIZED_DATA!Z3*TIER_WEIGHTS!$B$11 -> 1 | Q6: =NORMALIZED_DATA!AA3*TIER_WEIGHTS!$B$10 -> 2.1550662 | R6: =sum(D6:Q6) -> 20.896492
A7: 6 | B7: Drew Brees | C7: =R7/Weights_by_Category[[#TOTALS],[GREATEST]] -> 46.630254 | D7: =NORMALIZED_DATA!B5*TIER_WEIGHTS!$B$2 -> 0.85714286 | E7: =NORMALIZED_DATA!C5*TIER_WEIGHTS!$B$8 -> 0.58333333 | F7: =NORMALIZED_DATA!D5*TIER_WEIGHTS!$B$7 -> 0.6 | G7: =NORMALIZED_DATA!F5*TIER_WEIGHTS!$B$3 -> 0.44213974 | H7: =NORMALIZED_DATA!G5*TIER_WEIGHTS!$B$9 -> 1.0588235 | I7: =NORMALIZED_DATA!H5*TIER_WEIGHTS!$B$14 -> 0.83333333 | J7: =NORMALIZED_DATA!I5*TIER_WEIGHTS!$B$4 -> 3.9080917 | K7: =NORMALIZED_DATA!N5*TIER_WEIGHTS!$B$5 -> 3.7937626 | L7: =NORMALIZED_DATA!U5*TIER_WEIGHTS!$B$12 -> 0.96923077 | M7: =NORMALIZED_DATA!V5*TIER_WEIGHTS!$B$15 -> 0.040472779 | N7: =NORMALIZED_DATA!W5*TIER_WEIGHTS!$B$13 -> 1.4086957 | O7: =NORMALIZED_DATA!Y5*TIER_WEIGHTS!$B$6 -> 2.0491071 | P7: =NORMALIZED_DATA!Z5*TIER_WEIGHTS!$B$11 -> 2.3333333 | Q7: =NORMALIZED_DATA!AA5*TIER_WEIGHTS!$B$10 -> 1.9196265 | R7: =sum(D7:Q7) -> 20.797093
A8: 7 | B8: Patrick Mahomes | C8: =R8/Weights_by_Category[[#TOTALS],[GREATEST]] -> 44.492196 | D8: =NORMALIZED_DATA!B9*TIER_WEIGHTS!$B$2 -> 2.5714286 | E8: =NORMALIZED_DATA!C9*TIER_WEIGHTS!$B$8 -> 1.5 | F8: =NORMALIZED_DATA!D9*TIER_WEIGHTS!$B$7 -> 1.8 | G8: =NORMALIZED_DATA!F9*TIER_WEIGHTS!$B$3 -> 1.8962882 | H8: =NORMALIZED_DATA!G9*TIER_WEIGHTS!$B$9 -> 0.88235294 | I8: =NORMALIZED_DATA!H9*TIER_WEIGHTS!$B$14 -> 0.25 | J8: =NORMALIZED_DATA!I9*TIER_WEIGHTS!$B$4 -> 0.93926004 | K8: =NORMALIZED_DATA!N9*TIER_WEIGHTS!$B$5 -> 1.0412475 | L8: =NORMALIZED_DATA!U9*TIER_WEIGHTS!$B$12 -> 1.0384615 | M8: =NORMALIZED_DATA!V9*TIER_WEIGHTS!$B$15 -> 0.37320917 | N8: =NORMALIZED_DATA!W9*TIER_WEIGHTS!$B$13 -> 1.3826087 | O8: =NORMALIZED_DATA!Y9*TIER_WEIGHTS!$B$6 -> 2.8125 | P8: =NORMALIZED_DATA!Z9*TIER_WEIGHTS!$B$11 -> 1.3333333 | Q8: =NORMALIZED_DATA!AA9*TIER_WEIGHTS!$B$10 -> 2.0228294 | R8: =sum(D8:Q8) -> 19.843519
A9: 8 | B9: Brett Favre | C9: =R9/Weights_by_Category[[#TOTALS],[GREATEST]] -> 42.772917 | D9: =NORMALIZED_DATA!B17*TIER_WEIGHTS!$B$2 -> 0.85714286 | E9: =NORMALIZED_DATA!C17*TIER_WEIGHTS!$B$8 -> 0.95833333 | F9: =NORMALIZED_DATA!D17*TIER_WEIGHTS!$B$7 -> 0 | G9: =NORMALIZED_DATA!F17*TIER_WEIGHTS!$B$3 -> 2.1320961 | H9: =NORMALIZED_DATA!G17*TIER_WEIGHTS!$B$9 -> 1.5882353 | I9: =NORMALIZED_DATA!H17*TIER_WEIGHTS!$B$14 -> 0.66666667 | J9: =NORMALIZED_DATA!I17*TIER_WEIGHTS!$B$4 -> 3.3386407 | K9: =NORMALIZED_DATA!N17*TIER_WEIGHTS!$B$5 -> 3.22334 | L9: =NORMALIZED_DATA!U17*TIER_WEIGHTS!$B$12 -> 0.41538462 | M9: =NORMALIZED_DATA!V17*TIER_WEIGHTS!$B$15 -> 0.10297278 | N9: =NORMALIZED_DATA!W17*TIER_WEIGHTS!$B$13 -> 0.75652174 | O9: =NORMALIZED_DATA!Y17*TIER_WEIGHTS!$B$6 -> 1.2455357 | P9: =NORMALIZED_DATA!Z17*TIER_WEIGHTS!$B$11 -> 1.6666667 | Q9: =NORMALIZED_DATA!AA17*TIER_WEIGHTS!$B$10 -> 2.1251847 | R9: =sum(D9:Q9) -> 19.076721
A10: 9 | B10: Steve Young | C10: =R10/Weights_by_Category[[#TOTALS],[GREATEST]] -> 42.204584 | D10: =NORMALIZED_DATA!B13*TIER_WEIGHTS!$B$2 -> 0.85714286 | E10: =NORMALIZED_DATA!C13*TIER_WEIGHTS!$B$8 -> 1.1666667 | F10: =NORMALIZED_DATA!D13*TIER_WEIGHTS!$B$7 -> 0.6 | G10: =NORMALIZED_DATA!F13*TIER_WEIGHTS!$B$3 -> 1.7489083 | H10: =NORMALIZED_DATA!G13*TIER_WEIGHTS!$B$9 -> 1.5882353 | I10: =NORMALIZED_DATA!H13*TIER_WEIGHTS!$B$14 -> 0.33333333 | J10: =NORMALIZED_DATA!I13*TIER_WEIGHTS!$B$4 -> 0.75111395 | K10: =NORMALIZED_DATA!N13*TIER_WEIGHTS!$B$5 -> 0.72434608 | L10: =NORMALIZED_DATA!U13*TIER_WEIGHTS!$B$12 -> 1.3846154 | M10: =NORMALIZED_DATA!V13*TIER_WEIGHTS!$B$15 -> 0.44305158 | N10: =NORMALIZED_DATA!W13*TIER_WEIGHTS!$B$13 -> 1.0956522 | O10: =NORMALIZED_DATA!Y13*TIER_WEIGHTS!$B$6 -> 4.5 | P10: =NORMALIZED_DATA!Z13*TIER_WEIGHTS!$B$11 -> 2 | Q10: =NORMALIZED_DATA!AA13*TIER_WEIGHTS!$B$10 -> 1.6301789 | R10: =sum(D10:Q10) -> 18.823244
A11: 10 | B11: Dan Marino | C11: =R11/Weights_by_Category[[#TOTALS],[GREATEST]] -> 41.47069 | D11: =NORMALIZED_DATA!B10*TIER_WEIGHTS!$B$2 -> 0 | E11: =NORMALIZED_DATA!C10*TIER_WEIGHTS!$B$8 -> 0.58333333 | F11: =NORMALIZED_DATA!D10*TIER_WEIGHTS!$B$7 -> 0 | G11: =NORMALIZED_DATA!F10*TIER_WEIGHTS!$B$3 -> 0.75655022 | H11: =NORMALIZED_DATA!G10*TIER_WEIGHTS!$B$9 -> 1.5882353 | I11: =NORMALIZED_DATA!H10*TIER_WEIGHTS!$B$14 -> 0.5 | J11: =NORMALIZED_DATA!I10*TIER_WEIGHTS!$B$4 -> 2.6383897 | K11: =NORMALIZED_DATA!N10*TIER_WEIGHTS!$B$5 -> 2.4265594 | L11: =NORMALIZED_DATA!U10*TIER_WEIGHTS!$B$12 -> 1.1769231 | M11: =NORMALIZED_DATA!V10*TIER_WEIGHTS!$B$15 -> 0 | N11: =NORMALIZED_DATA!W10*TIER_WEIGHTS!$B$13 -> 1.6956522 | O11: =NORMALIZED_DATA!Y10*TIER_WEIGHTS!$B$6 -> 3.6160714 | P11: =NORMALIZED_DATA!Z10*TIER_WEIGHTS!$B$11 -> 2 | Q11: =NORMALIZED_DATA!AA10*TIER_WEIGHTS!$B$10 -> 1.5142132 | R11: =sum(D11:Q11) -> 18.495928
A12: 11 | B12: Johnny Unitas | C12: =R12/Weights_by_Category[[#TOTALS],[GREATEST]] -> 37.796774 | D12: =NORMALIZED_DATA!B8*TIER_WEIGHTS!$B$2 -> 2.5714286 | E12: =NORMALIZED_DATA!C8*TIER_WEIGHTS!$B$8 -> 0.33333333 | F12: =NORMALIZED_DATA!D8*TIER_WEIGHTS!$B$7 -> 0 | G12: =NORMALIZED_DATA!F8*TIER_WEIGHTS!$B$3 -> 2.7412664 | H12: =NORMALIZED_DATA!G8*TIER_WEIGHTS!$B$9 -> 2.2941176 | I12: =NORMALIZED_DATA!H8*TIER_WEIGHTS!$B$14 -> 0.58333333 | J12: =NORMALIZED_DATA!I8*TIER_WEIGHTS!$B$4 -> 1.226659 | K12: =NORMALIZED_DATA!N8*TIER_WEIGHTS!$B$5 -> 1.249497 | L12: =NORMALIZED_DATA!U8*TIER_WEIGHTS!$B$12 -> 0.34615385 | M12: =NORMALIZED_DATA!V8*TIER_WEIGHTS!$B$15 -> 0.14434097 | N12: =NORMALIZED_DATA!W8*TIER_WEIGHTS!$B$13 -> 1.0513043 | O12: =NORMALIZED_DATA!Y8*TIER_WEIGHTS!$B$6 -> 1.7678571 | P12: =NORMALIZED_DATA!Z8*TIER_WEIGHTS!$B$11 -> 1.3333333 | Q12: =NORMALIZED_DATA!AA8*TIER_WEIGHTS!$B$10 -> 1.2147362 | R12: =sum(D12:Q12) -> 16.857361
A13: 12 | B13: Sammy Baugh | C13: =R13/Weights_by_Category[[#TOTALS],[GREATEST]] -> 35.33223 | D13: =NORMALIZED_DATA!B23*TIER_WEIGHTS!$B$2 -> 1.7142857 | E13: =NORMALIZED_DATA!C23*TIER_WEIGHTS!$B$8 -> 0.16666667 | F13: =NORMALIZED_DATA!D23*TIER_WEIGHTS!$B$7 -> 0 | G13: =NORMALIZED_DATA!F23*TIER_WEIGHTS!$B$3 -> 0 | H13: =NORMALIZED_DATA!G23*TIER_WEIGHTS!$B$9 -> 2.1176471 | I13: =NORMALIZED_DATA!H23*TIER_WEIGHTS!$B$14 -> 0.25 | J13: =NORMALIZED_DATA!I23*TIER_WEIGHTS!$B$4 -> 0 | K13: =NORMALIZED_DATA!N23*TIER_WEIGHTS!$B$5 -> 0.31690141 | L13: =NORMALIZED_DATA!U23*TIER_WEIGHTS!$B$12 -> 1.1769231 | M13: =NORMALIZED_DATA!V23*TIER_WEIGHTS!$B$15 -> 0.028474212 | N13: =NORMALIZED_DATA!W23*TIER_WEIGHTS!$B$13 -> 1.8 | O13: =NORMALIZED_DATA!Y23*TIER_WEIGHTS!$B$6 -> 2.953125 | P13: =NORMALIZED_DATA!Z23*TIER_WEIGHTS!$B$11 -> 3 | Q13: =NORMALIZED_DATA!AA23*TIER_WEIGHTS!$B$10 -> 2.2341516 | R13: =sum(D13:Q13) -> 15.758175
A14: 13 | B14: Bart Starr | C14: =R14/Weights_by_Category[[#TOTALS],[GREATEST]] -> 31.834058 | D14: =NORMALIZED_DATA!B6*TIER_WEIGHTS!$B$2 -> 4.2857143 | E14: =NORMALIZED_DATA!C6*TIER_WEIGHTS!$B$8 -> 0.58333333 | F14: =NORMALIZED_DATA!D6*TIER_WEIGHTS!$B$7 -> 1.2 | G14: =NORMALIZED_DATA!F6*TIER_WEIGHTS!$B$3 -> 0.41266376 | H14: =NORMALIZED_DATA!G6*TIER_WEIGHTS!$B$9 -> 0.88235294 | I14: =NORMALIZED_DATA!H6*TIER_WEIGHTS!$B$14 -> 0.083333333 | J14: =NORMALIZED_DATA!I6*TIER_WEIGHTS!$B$4 -> 0.18928232 | K14: =NORMALIZED_DATA!N6*TIER_WEIGHTS!$B$5 -> 0 | L14: =NORMALIZED_DATA!U6*TIER_WEIGHTS!$B$12 -> 0.62307692 | M14: =NORMALIZED_DATA!V6*TIER_WEIGHTS!$B$15 -> 0.11300143 | N14: =NORMALIZED_DATA!W6*TIER_WEIGHTS!$B$13 -> 0.76304348 | O14: =NORMALIZED_DATA!Y6*TIER_WEIGHTS!$B$6 -> 1.2857143 | P14: =NORMALIZED_DATA!Z6*TIER_WEIGHTS!$B$11 -> 1 | Q14: =NORMALIZED_DATA!AA6*TIER_WEIGHTS!$B$10 -> 2.7764738 | R14: =sum(D14:Q14) -> 14.19799
A15: 14 | B15: Dan Fouts | C15: =R15/Weights_by_Category[[#TOTALS],[GREATEST]] -> 31.570568 | D15: =NORMALIZED_DATA!B20*TIER_WEIGHTS!$B$2 -> 0 | E15: =NORMALIZED_DATA!C20*TIER_WEIGHTS!$B$8 -> 0.20833333 | F15: =NORMALIZED_DATA!D20*TIER_WEIGHTS!$B$7 -> 0 | G15: =NORMALIZED_DATA!F20*TIER_WEIGHTS!$B$3 -> 0.74672489 | H15: =NORMALIZED_DATA!G20*TIER_WEIGHTS!$B$9 -> 1.0588235 | I15: =NORMALIZED_DATA!H20*TIER_WEIGHTS!$B$14 -> 0.25 | J15: =NORMALIZED_DATA!I20*TIER_WEIGHTS!$B$4 -> 1.4138694 | K15: =NORMALIZED_DATA!N20*TIER_WEIGHTS!$B$5 -> 0.92354125 | L15: =NORMALIZED_DATA!U20*TIER_WEIGHTS!$B$12 -> 1.0384615 | M15: =NORMALIZED_DATA!V20*TIER_WEIGHTS!$B$15 -> 0.040651862 | N15: =NORMALIZED_DATA!W20*TIER_WEIGHTS!$B$13 -> 1.1217391 | O15: =NORMALIZED_DATA!Y20*TIER_WEIGHTS!$B$6 -> 3.3348214 | P15: =NORMALIZED_DATA!Z20*TIER_WEIGHTS!$B$11 -> 2.3333333 | Q15: =NORMALIZED_DATA!AA20*TIER_WEIGHTS!$B$10 -> 1.6101737 | R15: =sum(D15:Q15) -> 14.080473
A16: 15 | B16: Terry Bradshaw | C16: =R16/Weights_by_Category[[#TOTALS],[GREATEST]] -> 31.503074 | D16: =NORMALIZED_DATA!B12*TIER_WEIGHTS!$B$2 -> 3.4285714 | E16: =NORMALIZED_DATA!C12*TIER_WEIGHTS!$B$8 -> 1.1666667 | F16: =NORMALIZED_DATA!D12*TIER_WEIGHTS!$B$7 -> 1.2 | G16: =NORMALIZED_DATA!F12*TIER_WEIGHTS!$B$3 -> 0.48144105 | H16: =NORMALIZED_DATA!G12*TIER_WEIGHTS!$B$9 -> 0.35294118 | I16: =NORMALIZED_DATA!H12*TIER_WEIGHTS!$B$14 -> 0 | J16: =NORMALIZED_DATA!I12*TIER_WEIGHTS!$B$4 -> 0.40790607 | K16: =NORMALIZED_DATA!N12*TIER_WEIGHTS!$B$5 -> 0.54325956 | L16: =NORMALIZED_DATA!U12*TIER_WEIGHTS!$B$12 -> 0.34615385 | M16: =NORMALIZED_DATA!V12*TIER_WEIGHTS!$B$15 -> 0.23352436 | N16: =NORMALIZED_DATA!W12*TIER_WEIGHTS!$B$13 -> 0.44347826 | O16: =NORMALIZED_DATA!Y12*TIER_WEIGHTS!$B$6 -> 1.4464286 | P16: =NORMALIZED_DATA!Z12*TIER_WEIGHTS!$B$11 -> 1 | Q16: =NORMALIZED_DATA!AA12*TIER_WEIGHTS!$B$10 -> 3 | R16: =sum(D16:Q16) -> 14.050371
A17: 16 | B17: John Elway | C17: =R17/Weights_by_Category[[#TOTALS],[GREATEST]] -> 30.020309 | D17: =NORMALIZED_DATA!B11*TIER_WEIGHTS!$B$2 -> 1.7142857 | E17: =NORMALIZED_DATA!C11*TIER_WEIGHTS!$B$8 -> 1.375 | F17: =NORMALIZED_DATA!D11*TIER_WEIGHTS!$B$7 -> 0.6 | G17: =NORMALIZED_DATA!F11*TIER_WEIGHTS!$B$3 -> 0.93340611 | H17: =NORMALIZED_DATA!G11*TIER_WEIGHTS!$B$9 -> 0.52941176 | I17: =NORMALIZED_DATA!H11*TIER_WEIGHTS!$B$14 -> 0.5 | J17: =NORMALIZED_DATA!I11*TIER_WEIGHTS!$B$4 -> 1.9776393 | K17: =NORMALIZED_DATA!N11*TIER_WEIGHTS!$B$5 -> 1.3400402 | L17: =NORMALIZED_DATA!U11*TIER_WEIGHTS!$B$12 -> 0.27692308 | M17: =NORMALIZED_DATA!V11*TIER_WEIGHTS!$B$15 -> 0.25501433 | N17: =NORMALIZED_DATA!W11*TIER_WEIGHTS!$B$13 -> 1.0173913 | O17: =NORMALIZED_DATA!Y11*TIER_WEIGHTS!$B$6 -> 0.60267857 | P17: =NORMALIZED_DATA!Z11*TIER_WEIGHTS!$B$11 -> 0 | Q17: =NORMALIZED_DATA!AA11*TIER_WEIGHTS!$B$10 -> 2.2672674 | R17: =sum(D17:Q17) -> 13.389058
A18: 17 | B18: Ben Roethlisberger | C18: =R18/Weights_by_Category[[#TOTALS],[GREATEST]] -> 27.819164 | D18: =NORMALIZED_DATA!B19*TIER_WEIGHTS!$B$2 -> 1.7142857 | E18: =NORMALIZED_DATA!C19*TIER_WEIGHTS!$B$8 -> 1.0416667 | F18: =NORMALIZED_DATA!D19*TIER_WEIGHTS!$B$7 -> 0 | G18: =NORMALIZED_DATA!F19*TIER_WEIGHTS!$B$3 -> 0 | H18: =NORMALIZED_DATA!G19*TIER_WEIGHTS!$B$9 -> 0 | I18: =NORMALIZED_DATA!H19*TIER_WEIGHTS!$B$14 -> 0.25 | J18: =NORMALIZED_DATA!I19*TIER_WEIGHTS!$B$4 -> 2.8206541 | K18: =NORMALIZED_DATA!N19*TIER_WEIGHTS!$B$5 -> 2.4084507 | L18: =NORMALIZED_DATA!U19*TIER_WEIGHTS!$B$12 -> 0.48461538 | M18: =NORMALIZED_DATA!V19*TIER_WEIGHTS!$B$15 -> 0.092227794 | N18: =NORMALIZED_DATA!W19*TIER_WEIGHTS!$B$13 -> 0.73043478 | O18: =NORMALIZED_DATA!Y19*TIER_WEIGHTS!$B$6 -> 0.48214286 | P18: =NORMALIZED_DATA!Z19*TIER_WEIGHTS!$B$11 -> 0.66666667 | Q18: =NORMALIZED_DATA!AA19*TIER_WEIGHTS!$B$10 -> 1.7162023 | R18: =sum(D18:Q18) -> 12.407347
A19: 18 | B19: Roger Staubach | C19: =R19/Weights_by_Category[[#TOTALS],[GREATEST]] -> 26.496748 | D19: =NORMALIZED_DATA!B14*TIER_WEIGHTS!$B$2 -> 1.7142857 | E19: =NORMALIZED_DATA!C14*TIER_WEIGHTS!$B$8 -> 1.3333333 | F19: =NORMALIZED_DATA!D14*TIER_WEIGHTS!$B$7 -> 0.6 | G19: =NORMALIZED_DATA!F14*TIER_WEIGHTS!$B$3 -> 0.23580786 | H19: =NORMALIZED_DATA!G14*TIER_WEIGHTS!$B$9 -> 0.17647059 | I19: =NORMALIZED_DATA!H14*TIER_WEIGHTS!$B$14 -> 0.25 | J19: =NORMALIZED_DATA!I14*TIER_WEIGHTS!$B$4 -> 0.054405299 | K19: =NORMALIZED_DATA!N14*TIER_WEIGHTS!$B$5 -> 0.009054326 | L19: =NORMALIZED_DATA!U14*TIER_WEIGHTS!$B$12 -> 1.1076923 | M19: =NORMALIZED_DATA!V14*TIER_WEIGHTS!$B$15 -> 0.30336676 | N19: =NORMALIZED_DATA!W14*TIER_WEIGHTS!$B$13 -> 1.0956522 | O19: =NORMALIZED_DATA!Y14*TIER_WEIGHTS!$B$6 -> 2.3705357 | P19: =NORMALIZED_DATA!Z14*TIER_WEIGHTS!$B$11 -> 1.3333333 | Q19: =NORMALIZED_DATA!AA14*TIER_WEIGHTS!$B$10 -> 1.2336124 | R19: =sum(D19:Q19) -> 11.81755
A20: 19 | B20: Fran Tarkenton | C20: =R20/Weights_by_Category[[#TOTALS],[GREATEST]] -> 24.352093 | D20: =NORMALIZED_DATA!B15*TIER_WEIGHTS!$B$2 -> 0 | E20: =NORMALIZED_DATA!C15*TIER_WEIGHTS!$B$8 -> 0.75 | F20: =NORMALIZED_DATA!D15*TIER_WEIGHTS!$B$7 -> 0 | G20: =NORMALIZED_DATA!F15*TIER_WEIGHTS!$B$3 -> 0.03930131 | H20: =NORMALIZED_DATA!G15*TIER_WEIGHTS!$B$9 -> 0.52941176 | I20: =NORMALIZED_DATA!H15*TIER_WEIGHTS!$B$14 -> 0.5 | J20: =NORMALIZED_DATA!I15*TIER_WEIGHTS!$B$4 -> 1.6787444 | K20: =NORMALIZED_DATA!N15*TIER_WEIGHTS!$B$5 -> 1.7203219 | L20: =NORMALIZED_DATA!U15*TIER_WEIGHTS!$B$12 -> 0.69230769 | M20: =NORMALIZED_DATA!V15*TIER_WEIGHTS!$B$15 -> 0.26038682 | N20: =NORMALIZED_DATA!W15*TIER_WEIGHTS!$B$13 -> 1.2782609 | O20: =NORMALIZED_DATA!Y15*TIER_WEIGHTS!$B$6 -> 1.7276786 | P20: =NORMALIZED_DATA!Z15*TIER_WEIGHTS!$B$11 -> 0.66666667 | Q20: =NORMALIZED_DATA!AA15*TIER_WEIGHTS!$B$10 -> 1.0179536 | R20: =sum(D20:Q20) -> 10.861034
A21: 20 | B21: Kurt Warner | C21: =R21/Weights_by_Category[[#TOTALS],[GREATEST]] -> 23.556198 | D21: =NORMALIZED_DATA!B22*TIER_WEIGHTS!$B$2 -> 0.85714286 | E21: =NORMALIZED_DATA!C22*TIER_WEIGHTS!$B$8 -> 0.83333333 | F21: =NORMALIZED_DATA!D22*TIER_WEIGHTS!$B$7 -> 0.6 | G21: =NORMALIZED_DATA!F22*TIER_WEIGHTS!$B$3 -> 1.0906114 | H21: =NORMALIZED_DATA!G22*TIER_WEIGHTS!$B$9 -> 0.70588235 | I21: =NORMALIZED_DATA!H22*TIER_WEIGHTS!$B$14 -> 0.083333333 | J21: =NORMALIZED_DATA!I22*TIER_WEIGHTS!$B$4 -> 0.69898111 | K21: =NORMALIZED_DATA!N22*TIER_WEIGHTS!$B$5 -> 0.50704225 | L21: =NORMALIZED_DATA!U22*TIER_WEIGHTS!$B$12 -> 0.96923077 | M21: =NORMALIZED_DATA!V22*TIER_WEIGHTS!$B$15 -> 0.034921203 | N21: =NORMALIZED_DATA!W22*TIER_WEIGHTS!$B$13 -> 0.6 | O21: =NORMALIZED_DATA!Y22*TIER_WEIGHTS!$B$6 -> 0 | P21: =NORMALIZED_DATA!Z22*TIER_WEIGHTS!$B$11 -> 1 | Q21: =NORMALIZED_DATA!AA22*TIER_WEIGHTS!$B$10 -> 2.5255858 | R21: =sum(D21:Q21) -> 10.506064
A22: 21 | B22: Lamar Jackson | C22: =R22/Weights_by_Category[[#TOTALS],[GREATEST]] -> 21.211494 | D22: =NORMALIZED_DATA!B21*TIER_WEIGHTS!$B$2 -> 0 | E22: =NORMALIZED_DATA!C21*TIER_WEIGHTS!$B$8 -> 0.16666667 | F22: =NORMALIZED_DATA!D21*TIER_WEIGHTS!$B$7 -> 0 | G22: =NORMALIZED_DATA!F21*TIER_WEIGHTS!$B$3 -> 2.6626638 | H22: =NORMALIZED_DATA!G21*TIER_WEIGHTS!$B$9 -> 1.0588235 | I22: =NORMALIZED_DATA!H21*TIER_WEIGHTS!$B$14 -> 0.083333333 | J22: =NORMALIZED_DATA!I21*TIER_WEIGHTS!$B$4 -> 0.048256298 | K22: =NORMALIZED_DATA!N21*TIER_WEIGHTS!$B$5 -> 0.31690141 | L22: =NORMALIZED_DATA!U21*TIER_WEIGHTS!$B$12 -> 0.96923077 | M22: =NORMALIZED_DATA!V21*TIER_WEIGHTS!$B$15 -> 1 | N22: =NORMALIZED_DATA!W21*TIER_WEIGHTS!$B$13 -> 0.80869565 | O22: =NORMALIZED_DATA!Y21*TIER_WEIGHTS!$B$6 -> 0.80357143 | P22: =NORMALIZED_DATA!Z21*TIER_WEIGHTS!$B$11 -> 0.33333333 | Q22: =NORMALIZED_DATA!AA21*TIER_WEIGHTS!$B$10 -> 1.20885 | R22: =sum(D22:Q22) -> 9.4603262
A23: 22 | B23: Warren Moon | C23: =R23/Weights_by_Category[[#TOTALS],[GREATEST]] -> 20.904857 | D23: =NORMALIZED_DATA!B24*TIER_WEIGHTS!$B$2 -> 0 | E23: =NORMALIZED_DATA!C24*TIER_WEIGHTS!$B$8 -> 0.125 | F23: =NORMALIZED_DATA!D24*TIER_WEIGHTS!$B$7 -> 0 | G23: =NORMALIZED_DATA!F24*TIER_WEIGHTS!$B$3 -> 0.23580786 | H23: =NORMALIZED_DATA!G24*TIER_WEIGHTS!$B$9 -> 0.17647059 | I23: =NORMALIZED_DATA!H24*TIER_WEIGHTS!$B$14 -> 0.5 | J23: =NORMALIZED_DATA!I24*TIER_WEIGHTS!$B$4 -> 1.8339398 | K23: =NORMALIZED_DATA!N24*TIER_WEIGHTS!$B$5 -> 1.2585513 | L23: =NORMALIZED_DATA!U24*TIER_WEIGHTS!$B$12 -> 0.27692308 | M23: =NORMALIZED_DATA!V24*TIER_WEIGHTS!$B$15 -> 0.14308739 | N23: =NORMALIZED_DATA!W24*TIER_WEIGHTS!$B$13 -> 0.7826087 | O23: =NORMALIZED_DATA!Y24*TIER_WEIGHTS!$B$6 -> 1.3660714 | P23: =NORMALIZED_DATA!Z24*TIER_WEIGHTS!$B$11 -> 0.66666667 | Q23: =NORMALIZED_DATA!AA24*TIER_WEIGHTS!$B$10 -> 1.9584394 | R23: =sum(D23:Q23) -> 9.3235662
A24: 23 | B24: Ken Stabler | C24: =R24/Weights_by_Category[[#TOTALS],[GREATEST]] -> 18.59321 | D24: =NORMALIZED_DATA!B26*TIER_WEIGHTS!$B$2 -> 0.85714286 | E24: =NORMALIZED_DATA!C26*TIER_WEIGHTS!$B$8 -> 0.58333333 | F24: =NORMALIZED_DATA!D26*TIER_WEIGHTS!$B$7 -> 0 | G24: =NORMALIZED_DATA!F26*TIER_WEIGHTS!$B$3 -> 0.64847162 | H24: =NORMALIZED_DATA!G26*TIER_WEIGHTS!$B$9 -> 0.52941176 | I24: =NORMALIZED_DATA!H26*TIER_WEIGHTS!$B$14 -> 0.083333333 | J24: =NORMALIZED_DATA!I26*TIER_WEIGHTS!$B$4 -> 0.40449739 | K24: =NORMALIZED_DATA!N26*TIER_WEIGHTS!$B$5 -> 0.38028169 | L24: =NORMALIZED_DATA!U26*TIER_WEIGHTS!$B$12 -> 0 | M24: =NORMALIZED_DATA!V26*TIER_WEIGHTS!$B$15 -> 0.0026862464 | N24: =NORMALIZED_DATA!W26*TIER_WEIGHTS!$B$13 -> 0 | O24: =NORMALIZED_DATA!Y26*TIER_WEIGHTS!$B$6 -> 1.5267857 | P24: =NORMALIZED_DATA!Z26*TIER_WEIGHTS!$B$11 -> 0.66666667 | Q24: =NORMALIZED_DATA!AA26*TIER_WEIGHTS!$B$10 -> 2.609961 | R24: =sum(D24:Q24) -> 8.2925717
A25: 24 | B25: Jim Kelly | C25: =R25/Weights_by_Category[[#TOTALS],[GREATEST]] -> 18.099505 | D25: =NORMALIZED_DATA!B25*TIER_WEIGHTS!$B$2 -> 0 | E25: =NORMALIZED_DATA!C25*TIER_WEIGHTS!$B$8 -> 1.0416667 | F25: =NORMALIZED_DATA!D25*TIER_WEIGHTS!$B$7 -> 0 | G25: =NORMALIZED_DATA!F25*TIER_WEIGHTS!$B$3 -> 0.27510917 | H25: =NORMALIZED_DATA!G25*TIER_WEIGHTS!$B$9 -> 0.52941176 | I25: =NORMALIZED_DATA!H25*TIER_WEIGHTS!$B$14 -> 0.16666667 | J25: =NORMALIZED_DATA!I25*TIER_WEIGHTS!$B$4 -> 0.90771299 | K25: =NORMALIZED_DATA!N25*TIER_WEIGHTS!$B$5 -> 0.76961771 | L25: =NORMALIZED_DATA!U25*TIER_WEIGHTS!$B$12 -> 0.48461538 | M25: =NORMALIZED_DATA!V25*TIER_WEIGHTS!$B$15 -> 0.11103152 | N25: =NORMALIZED_DATA!W25*TIER_WEIGHTS!$B$13 -> 0.57391304 | O25: =NORMALIZED_DATA!Y25*TIER_WEIGHTS!$B$6 -> 1.0044643 | P25: =NORMALIZED_DATA!Z25*TIER_WEIGHTS!$B$11 -> 0.66666667 | Q25: =NORMALIZED_DATA!AA25*TIER_WEIGHTS!$B$10 -> 1.5415034 | R25: =sum(D25:Q25) -> 8.0723792
A26: 25 | B26: YA Tittle | C26: =R26/Weights_by_Category[[#TOTALS],[GREATEST]] -> 16.278935 | D26: =NORMALIZED_DATA!B18*TIER_WEIGHTS!$B$2 -> 0 | E26: =NORMALIZED_DATA!C18*TIER_WEIGHTS!$B$8 -> 0 | F26: =NORMALIZED_DATA!D18*TIER_WEIGHTS!$B$7 -> 0 | G26: =NORMALIZED_DATA!F18*TIER_WEIGHTS!$B$3 -> 1.3460699 | H26: =NORMALIZED_DATA!G18*TIER_WEIGHTS!$B$9 -> 1.0588235 | I26: =NORMALIZED_DATA!H18*TIER_WEIGHTS!$B$14 -> 0.33333333 | J26: =NORMALIZED_DATA!I18*TIER_WEIGHTS!$B$4 -> 0.74750475 | K26: =NORMALIZED_DATA!N18*TIER_WEIGHTS!$B$5 -> 0.81488934 | L26: =NORMALIZED_DATA!U18*TIER_WEIGHTS!$B$12 -> 0.55384615 | M26: =NORMALIZED_DATA!V18*TIER_WEIGHTS!$B$15 -> 0.1027937 | N26: =NORMALIZED_DATA!W18*TIER_WEIGHTS!$B$13 -> 0.1826087 | O26: =NORMALIZED_DATA!Y18*TIER_WEIGHTS!$B$6 -> 0.12053571 | P26: =NORMALIZED_DATA!Z18*TIER_WEIGHTS!$B$11 -> 2 | Q26: =NORMALIZED_DATA!AA18*TIER_WEIGHTS!$B$10 -> 0 | R26: =sum(D26:Q26) -> 7.2604051

Sheet MODEL_BEST
A1: # | B1: QB | C1: TALENT SCORE | D1: Super Bowls | E1: Playoff Success Score | F1: Super Bowl MVPs | G1: MVP Shares | H1: All-Pro Score | I1: Pro Bowls | J1: Yards per Season | K1: TDs per Season | L1: Career ANY/A+ | M1: Rush Yards per Game | N1: Negative Play Rate | O1: Peak Score | P1: Dominance Score | Q1: Playoff Elevation Score | R1: TOTAL
A2: 1 | B2: Peyton Manning | C2: =R2/Weights_by_Category[[#TOTALS],[BEST]] -> 77.252893 | D2: =NORMALIZED_DATA!B4*TIER_WEIGHTS!$C$2 -> 0.28571429 | E2: =NORMALIZED_DATA!C4*TIER_WEIGHTS!$C$8 -> 0.40277778 | F2: =NORMALIZED_DATA!D4*TIER_WEIGHTS!$C$7 -> 0.36 | G2: =NORMALIZED_DATA!F4*TIER_WEIGHTS!$C$3 -> 4.5 | H2: =NORMALIZED_DATA!G4*TIER_WEIGHTS!$C$9 -> 3 | I2: =NORMALIZED_DATA!H4*TIER_WEIGHTS!$C$14 -> 0.91666667 | J2: =NORMALIZED_DATA!J4*TIER_WEIGHTS!$C$4 -> 2.7216266 | K2: =NORMALIZED_DATA!O4*TIER_WEIGHTS!$C$5 -> 2.7391304 | L2: =NORMALIZED_DATA!U4*TIER_WEIGHTS!$C$12 -> 3.1153846 | M2: =NORMALIZED_DATA!V4*TIER_WEIGHTS!$C$15 -> 0.069305158 | N2: =NORMALIZED_DATA!W4*TIER_WEIGHTS!$C$13 -> 2.3913043 | O2: =NORMALIZED_DATA!Y4*TIER_WEIGHTS!$C$6 -> 5.3571429 | P2: =NORMALIZED_DATA!Z4*TIER_WEIGHTS!$C$11 -> 4 | Q2: =NORMALIZED_DATA!AA4*TIER_WEIGHTS!$C$10 -> 0.96485172 | R2: =sum(D2:Q2) -> 30.823904
A3: 2 | B3: Tom Brady | C3: =R3/Weights_by_Category[[#TOTALS],[BEST]] -> 71.464861 | D3: =NORMALIZED_DATA!B2*TIER_WEIGHTS!$C$2 -> 1 | E3: =NORMALIZED_DATA!C2*TIER_WEIGHTS!$C$8 -> 1 | F3: =NORMALIZED_DATA!D2*TIER_WEIGHTS!$C$7 -> 1.8 | G3: =NORMALIZED_DATA!F2*TIER_WEIGHTS!$C$3 -> 3.5371179 | H3: =NORMALIZED_DATA!G2*TIER_WEIGHTS!$C$9 -> 1.5882353 | I3: =NORMALIZED_DATA!H2*TIER_WEIGHTS!$C$14 -> 1 | J3: =NORMALIZED_DATA!J2*TIER_WEIGHTS!$C$4 -> 2.6428835 | K3: =NORMALIZED_DATA!O2*TIER_WEIGHTS!$C$5 -> 2.6086957 | L3: =NORMALIZED_DATA!U2*TIER_WEIGHTS!$C$12 -> 2.4230769 | M3: =NORMALIZED_DATA!V2*TIER_WEIGHTS!$C$15 -> 0.096382521 | N3: =NORMALIZED_DATA!W2*TIER_WEIGHTS!$C$13 -> 2.9565217 | O3: =NORMALIZED_DATA!Y2*TIER_WEIGHTS!$C$6 -> 4.3392857 | P3: =NORMALIZED_DATA!Z2*TIER_WEIGHTS!$C$11 -> 2.5 | Q3: =NORMALIZED_DATA!AA2*TIER_WEIGHTS!$C$10 -> 1.0222803 | R3: =sum(D3:Q3) -> 28.51448
A4: 3 | B4: Otto Graham | C4: =R4/Weights_by_Category[[#TOTALS],[BEST]] -> 63.697301 | D4: =NORMALIZED_DATA!B16*TIER_WEIGHTS!$C$2 -> 1 | E4: =NORMALIZED_DATA!C16*TIER_WEIGHTS!$C$8 -> 0.11111111 | F4: =NORMALIZED_DATA!D16*TIER_WEIGHTS!$C$7 -> 0 | G4: =NORMALIZED_DATA!F16*TIER_WEIGHTS!$C$3 -> 2.0731441 | H4: =NORMALIZED_DATA!G16*TIER_WEIGHTS!$C$9 -> 1.7647059 | I4: =NORMALIZED_DATA!H16*TIER_WEIGHTS!$C$14 -> 0.16666667 | J4: =NORMALIZED_DATA!J16*TIER_WEIGHTS!$C$4 -> 1.1512015 | K4: =NORMALIZED_DATA!O16*TIER_WEIGHTS!$C$5 -> 1.3043478 | L4: =NORMALIZED_DATA!U16*TIER_WEIGHTS!$C$12 -> 4.5 | M4: =NORMALIZED_DATA!V16*TIER_WEIGHTS!$C$15 -> 0.21404011 | N4: =NORMALIZED_DATA!W16*TIER_WEIGHTS!$C$13 -> 2.9565217 | O4: =NORMALIZED_DATA!Y16*TIER_WEIGHTS!$C$6 -> 5.5714286 | P4: =NORMALIZED_DATA!Z16*TIER_WEIGHTS!$C$11 -> 4 | Q4: =NORMALIZED_DATA!AA16*TIER_WEIGHTS!$C$10 -> 0.60205577 | R4: =sum(D4:Q4) -> 25.415223
A5: 4 | B5: Aaron Rodgers | C5: =R5/Weights_by_Category[[#TOTALS],[BEST]] -> 61.609432 | D5: =NORMALIZED_DATA!B7*TIER_WEIGHTS!$C$2 -> 0.14285714 | E5: =NORMALIZED_DATA!C7*TIER_WEIGHTS!$C$8 -> 0.27777778 | F5: =NORMALIZED_DATA!D7*TIER_WEIGHTS!$C$7 -> 0.36 | G5: =NORMALIZED_DATA!F7*TIER_WEIGHTS!$C$3 -> 3.2227074 | H5: =NORMALIZED_DATA!G7*TIER_WEIGHTS!$C$9 -> 1.5882353 | I5: =NORMALIZED_DATA!H7*TIER_WEIGHTS!$C$14 -> 0.58333333 | J5: =NORMALIZED_DATA!J7*TIER_WEIGHTS!$C$4 -> 2.3556377 | K5: =NORMALIZED_DATA!O7*TIER_WEIGHTS!$C$5 -> 2.7391304 | L5: =NORMALIZED_DATA!U7*TIER_WEIGHTS!$C$12 -> 2.25 | M5: =NORMALIZED_DATA!V7*TIER_WEIGHTS!$C$15 -> 0.43323782 | N5: =NORMALIZED_DATA!W7*TIER_WEIGHTS!$C$13 -> 2.4782609 | O5: =NORMALIZED_DATA!Y7*TIER_WEIGHTS!$C$6 -> 4.5535714 | P5: =NORMALIZED_DATA!Z7*TIER_WEIGHTS!$C$11 -> 2.5 | Q5: =NORMALIZED_DATA!AA7*TIER_WEIGHTS!$C$10 -> 1.097414 | R5: =sum(D5:Q5) -> 24.582163
A6: 5 | B6: Patrick Mahomes | C6: =R6/Weights_by_Category[[#TOTALS],[BEST]] -> 59.080673 | D6: =NORMALIZED_DATA!B9*TIER_WEIGHTS!$C$2 -> 0.42857143 | E6: =NORMALIZED_DATA!C9*TIER_WEIGHTS!$C$8 -> 0.5 | F6: =NORMALIZED_DATA!D9*TIER_WEIGHTS!$C$7 -> 1.08 | G6: =NORMALIZED_DATA!F9*TIER_WEIGHTS!$C$3 -> 1.8962882 | H6: =NORMALIZED_DATA!G9*TIER_WEIGHTS!$C$9 -> 0.88235294 | I6: =NORMALIZED_DATA!H9*TIER_WEIGHTS!$C$14 -> 0.25 | J6: =NORMALIZED_DATA!J9*TIER_WEIGHTS!$C$4 -> 3 | K6: =NORMALIZED_DATA!O9*TIER_WEIGHTS!$C$5 -> 3 | L6: =NORMALIZED_DATA!U9*TIER_WEIGHTS!$C$12 -> 2.5961538 | M6: =NORMALIZED_DATA!V9*TIER_WEIGHTS!$C$15 -> 0.6717765 | N6: =NORMALIZED_DATA!W9*TIER_WEIGHTS!$C$13 -> 2.3043478 | O6: =NORMALIZED_DATA!Y9*TIER_WEIGHTS!$C$6 -> 3.75 | P6: =NORMALIZED_DATA!Z9*TIER_WEIGHTS!$C$11 -> 2 | Q6: =NORMALIZED_DATA!AA9*TIER_WEIGHTS!$C$10 -> 1.2136976 | R6: =sum(D6:Q6) -> 23.573188
A7: 6 | B7: Steve Young | C7: =R7/Weights_by_Category[[#TOTALS],[BEST]] -> 58.264051 | D7: =NORMALIZED_DATA!B13*TIER_WEIGHTS!$C$2 -> 0.14285714 | E7: =NORMALIZED_DATA!C13*TIER_WEIGHTS!$C$8 -> 0.38888889 | F7: =NORMALIZED_DATA!D13*TIER_WEIGHTS!$C$7 -> 0.36 | G7: =NORMALIZED_DATA!F13*TIER_WEIGHTS!$C$3 -> 1.7489083 | H7: =NORMALIZED_DATA!G13*TIER_WEIGHTS!$C$9 -> 1.5882353 | I7: =NORMALIZED_DATA!H13*TIER_WEIGHTS!$C$14 -> 0.33333333 | J7: =NORMALIZED_DATA!J13*TIER_WEIGHTS!$C$4 -> 1.3175601 | K7: =NORMALIZED_DATA!O13*TIER_WEIGHTS!$C$5 -> 1.3043478 | L7: =NORMALIZED_DATA!U13*TIER_WEIGHTS!$C$12 -> 3.4615385 | M7: =NORMALIZED_DATA!V13*TIER_WEIGHTS!$C$15 -> 0.79749284 | N7: =NORMALIZED_DATA!W13*TIER_WEIGHTS!$C$13 -> 1.826087 | O7: =NORMALIZED_DATA!Y13*TIER_WEIGHTS!$C$6 -> 6 | P7: =NORMALIZED_DATA!Z13*TIER_WEIGHTS!$C$11 -> 3 | Q7: =NORMALIZED_DATA!AA13*TIER_WEIGHTS!$C$10 -> 0.97810733 | R7: =sum(D7:Q7) -> 23.247356
A8: 7 | B8: Dan Marino | C8: =R8/Weights_by_Category[[#TOTALS],[BEST]] -> 55.531806 | D8: =NORMALIZED_DATA!B10*TIER_WEIGHTS!$C$2 -> 0 | E8: =NORMALIZED_DATA!C10*TIER_WEIGHTS!$C$8 -> 0.19444444 | F8: =NORMALIZED_DATA!D10*TIER_WEIGHTS!$C$7 -> 0 | G8: =NORMALIZED_DATA!F10*TIER_WEIGHTS!$C$3 -> 0.75655022 | H8: =NORMALIZED_DATA!G10*TIER_WEIGHTS!$C$9 -> 1.5882353 | I8: =NORMALIZED_DATA!H10*TIER_WEIGHTS!$C$14 -> 0.5 | J8: =NORMALIZED_DATA!J10*TIER_WEIGHTS!$C$4 -> 2.4022181 | K8: =NORMALIZED_DATA!O10*TIER_WEIGHTS!$C$5 -> 2.2173913 | L8: =NORMALIZED_DATA!U10*TIER_WEIGHTS!$C$12 -> 2.9423077 | M8: =NORMALIZED_DATA!V10*TIER_WEIGHTS!$C$15 -> 0 | N8: =NORMALIZED_DATA!W10*TIER_WEIGHTS!$C$13 -> 2.826087 | O8: =NORMALIZED_DATA!Y10*TIER_WEIGHTS!$C$6 -> 4.8214286 | P8: =NORMALIZED_DATA!Z10*TIER_WEIGHTS!$C$11 -> 3 | Q8: =NORMALIZED_DATA!AA10*TIER_WEIGHTS!$C$10 -> 0.90852791 | R8: =sum(D8:Q8) -> 22.15719
A9: 8 | B9: Drew Brees | C9: =R9/Weights_by_Category[[#TOTALS],[BEST]] -> 52.380189 | D9: =NORMALIZED_DATA!B5*TIER_WEIGHTS!$C$2 -> 0.14285714 | E9: =NORMALIZED_DATA!C5*TIER_WEIGHTS!$C$8 -> 0.19444444 | F9: =NORMALIZED_DATA!D5*TIER_WEIGHTS!$C$7 -> 0.36 | G9: =NORMALIZED_DATA!F5*TIER_WEIGHTS!$C$3 -> 0.44213974 | H9: =NORMALIZED_DATA!G5*TIER_WEIGHTS!$C$9 -> 1.0588235 | I9: =NORMALIZED_DATA!H5*TIER_WEIGHTS!$C$14 -> 0.83333333 | J9: =NORMALIZED_DATA!J5*TIER_WEIGHTS!$C$4 -> 2.9012939 | K9: =NORMALIZED_DATA!O5*TIER_WEIGHTS!$C$5 -> 2.7391304 | L9: =NORMALIZED_DATA!U5*TIER_WEIGHTS!$C$12 -> 2.4230769 | M9: =NORMALIZED_DATA!V5*TIER_WEIGHTS!$C$15 -> 0.072851003 | N9: =NORMALIZED_DATA!W5*TIER_WEIGHTS!$C$13 -> 2.3478261 | O9: =NORMALIZED_DATA!Y5*TIER_WEIGHTS!$C$6 -> 2.7321429 | P9: =NORMALIZED_DATA!Z5*TIER_WEIGHTS!$C$11 -> 3.5 | Q9: =NORMALIZED_DATA!AA5*TIER_WEIGHTS!$C$10 -> 1.1517759 | R9: =sum(D9:Q9) -> 20.899695
A10: 9 | B10: Joe Montana | C10: =R10/Weights_by_Category[[#TOTALS],[BEST]] -> 51.893139 | D10: =NORMALIZED_DATA!B3*TIER_WEIGHTS!$C$2 -> 0.57142857 | E10: =NORMALIZED_DATA!C3*TIER_WEIGHTS!$C$8 -> 0.43055556 | F10: =NORMALIZED_DATA!D3*TIER_WEIGHTS!$C$7 -> 1.08 | G10: =NORMALIZED_DATA!F3*TIER_WEIGHTS!$C$3 -> 1.6015284 | H10: =NORMALIZED_DATA!G3*TIER_WEIGHTS!$C$9 -> 1.4117647 | I10: =NORMALIZED_DATA!H3*TIER_WEIGHTS!$C$14 -> 0.41666667 | J10: =NORMALIZED_DATA!J3*TIER_WEIGHTS!$C$4 -> 1.6036969 | K10: =NORMALIZED_DATA!O3*TIER_WEIGHTS!$C$5 -> 1.4347826 | L10: =NORMALIZED_DATA!U3*TIER_WEIGHTS!$C$12 -> 3.1153846 | M10: =NORMALIZED_DATA!V3*TIER_WEIGHTS!$C$15 -> 0.26980659 | N10: =NORMALIZED_DATA!W3*TIER_WEIGHTS!$C$13 -> 2.8695652 | O10: =NORMALIZED_DATA!Y3*TIER_WEIGHTS!$C$6 -> 3.1071429 | P10: =NORMALIZED_DATA!Z3*TIER_WEIGHTS!$C$11 -> 1.5 | Q10: =NORMALIZED_DATA!AA3*TIER_WEIGHTS!$C$10 -> 1.2930397 | R10: =sum(D10:Q10) -> 20.705362
A11: 10 | B11: Sammy Baugh | C11: =R11/Weights_by_Category[[#TOTALS],[BEST]] -> 48.511876 | D11: =NORMALIZED_DATA!B23*TIER_WEIGHTS!$C$2 -> 0.28571429 | E11: =NORMALIZED_DATA!C23*TIER_WEIGHTS!$C$8 -> 0.055555556 | F11: =NORMALIZED_DATA!D23*TIER_WEIGHTS!$C$7 -> 0 | G11: =NORMALIZED_DATA!F23*TIER_WEIGHTS!$C$3 -> 0 | H11: =NORMALIZED_DATA!G23*TIER_WEIGHTS!$C$9 -> 2.1176471 | I11: =NORMALIZED_DATA!H23*TIER_WEIGHTS!$C$14 -> 0.25 | J11: =NORMALIZED_DATA!J23*TIER_WEIGHTS!$C$4 -> 0.093160813 | K11: =NORMALIZED_DATA!O23*TIER_WEIGHTS!$C$5 -> 0.7826087 | L11: =NORMALIZED_DATA!U23*TIER_WEIGHTS!$C$12 -> 2.9423077 | M11: =NORMALIZED_DATA!V23*TIER_WEIGHTS!$C$15 -> 0.051253582 | N11: =NORMALIZED_DATA!W23*TIER_WEIGHTS!$C$13 -> 3 | O11: =NORMALIZED_DATA!Y23*TIER_WEIGHTS!$C$6 -> 3.9375 | P11: =NORMALIZED_DATA!Z23*TIER_WEIGHTS!$C$11 -> 4.5 | Q11: =NORMALIZED_DATA!AA23*TIER_WEIGHTS!$C$10 -> 1.3404909 | R11: =sum(D11:Q11) -> 19.356239
A12: 11 | B12: Dan Fouts | C12: =R12/Weights_by_Category[[#TOTALS],[BEST]] -> 47.910254 | D12: =NORMALIZED_DATA!B20*TIER_WEIGHTS!$C$2 -> 0 | E12: =NORMALIZED_DATA!C20*TIER_WEIGHTS!$C$8 -> 0.069444444 | F12: =NORMALIZED_DATA!D20*TIER_WEIGHTS!$C$7 -> 0 | G12: =NORMALIZED_DATA!F20*TIER_WEIGHTS!$C$3 -> 0.74672489 | H12: =NORMALIZED_DATA!G20*TIER_WEIGHTS!$C$9 -> 1.0588235 | I12: =NORMALIZED_DATA!H20*TIER_WEIGHTS!$C$14 -> 0.25 | J12: =NORMALIZED_DATA!J20*TIER_WEIGHTS!$C$4 -> 2.1049908 | K12: =NORMALIZED_DATA!O20*TIER_WEIGHTS!$C$5 -> 1.4347826 | L12: =NORMALIZED_DATA!U20*TIER_WEIGHTS!$C$12 -> 2.5961538 | M12: =NORMALIZED_DATA!V20*TIER_WEIGHTS!$C$15 -> 0.073173352 | N12: =NORMALIZED_DATA!W20*TIER_WEIGHTS!$C$13 -> 1.8695652 | O12: =NORMALIZED_DATA!Y20*TIER_WEIGHTS!$C$6 -> 4.4464286 | P12: =NORMALIZED_DATA!Z20*TIER_WEIGHTS!$C$11 -> 3.5 | Q12: =NORMALIZED_DATA!AA20*TIER_WEIGHTS!$C$10 -> 0.96610424 | R12: =sum(D12:Q12) -> 19.116191
A13: 12 | B13: Brett Favre | C13: =R13/Weights_by_Category[[#TOTALS],[BEST]] -> 42.516221 | D13: =NORMALIZED_DATA!B17*TIER_WEIGHTS!$C$2 -> 0.14285714 | E13: =NORMALIZED_DATA!C17*TIER_WEIGHTS!$C$8 -> 0.31944444 | F13: =NORMALIZED_DATA!D17*TIER_WEIGHTS!$C$7 -> 0 | G13: =NORMALIZED_DATA!F17*TIER_WEIGHTS!$C$3 -> 2.1320961 | H13: =NORMALIZED_DATA!G17*TIER_WEIGHTS!$C$9 -> 1.5882353 | I13: =NORMALIZED_DATA!H17*TIER_WEIGHTS!$C$14 -> 0.66666667 | J13: =NORMALIZED_DATA!J17*TIER_WEIGHTS!$C$4 -> 2.1072089 | K13: =NORMALIZED_DATA!O17*TIER_WEIGHTS!$C$5 -> 2.0869565 | L13: =NORMALIZED_DATA!U17*TIER_WEIGHTS!$C$12 -> 1.0384615 | M13: =NORMALIZED_DATA!V17*TIER_WEIGHTS!$C$15 -> 0.185351 | N13: =NORMALIZED_DATA!W17*TIER_WEIGHTS!$C$13 -> 1.2608696 | O13: =NORMALIZED_DATA!Y17*TIER_WEIGHTS!$C$6 -> 1.6607143 | P13: =NORMALIZED_DATA!Z17*TIER_WEIGHTS!$C$11 -> 2.5 | Q13: =NORMALIZED_DATA!AA17*TIER_WEIGHTS!$C$10 -> 1.2751108 | R13: =sum(D13:Q13) -> 16.963972
A14: 13 | B14: Johnny Unitas | C14: =R14/Weights_by_Category[[#TOTALS],[BEST]] -> 41.713909 | D14: =NORMALIZED_DATA!B8*TIER_WEIGHTS!$C$2 -> 0.42857143 | E14: =NORMALIZED_DATA!C8*TIER_WEIGHTS!$C$8 -> 0.11111111 | F14: =NORMALIZED_DATA!D8*TIER_WEIGHTS!$C$7 -> 0 | G14: =NORMALIZED_DATA!F8*TIER_WEIGHTS!$C$3 -> 2.7412664 | H14: =NORMALIZED_DATA!G8*TIER_WEIGHTS!$C$9 -> 2.2941176 | I14: =NORMALIZED_DATA!H8*TIER_WEIGHTS!$C$14 -> 0.58333333 | J14: =NORMALIZED_DATA!J8*TIER_WEIGHTS!$C$4 -> 1.2177449 | K14: =NORMALIZED_DATA!O8*TIER_WEIGHTS!$C$5 -> 1.3043478 | L14: =NORMALIZED_DATA!U8*TIER_WEIGHTS!$C$12 -> 0.86538462 | M14: =NORMALIZED_DATA!V8*TIER_WEIGHTS!$C$15 -> 0.25981375 | N14: =NORMALIZED_DATA!W8*TIER_WEIGHTS!$C$13 -> 1.7521739 | O14: =NORMALIZED_DATA!Y8*TIER_WEIGHTS!$C$6 -> 2.3571429 | P14: =NORMALIZED_DATA!Z8*TIER_WEIGHTS!$C$11 -> 2 | Q14: =NORMALIZED_DATA!AA8*TIER_WEIGHTS!$C$10 -> 0.72884175 | R14: =sum(D14:Q14) -> 16.64385
A15: 14 | B15: Lamar Jackson | C15: =R15/Weights_by_Category[[#TOTALS],[BEST]] -> 37.219531 | D15: =NORMALIZED_DATA!B21*TIER_WEIGHTS!$C$2 -> 0 | E15: =NORMALIZED_DATA!C21*TIER_WEIGHTS!$C$8 -> 0.055555556 | F15: =NORMALIZED_DATA!D21*TIER_WEIGHTS!$C$7 -> 0 | G15: =NORMALIZED_DATA!F21*TIER_WEIGHTS!$C$3 -> 2.6626638 | H15: =NORMALIZED_DATA!G21*TIER_WEIGHTS!$C$9 -> 1.0588235 | I15: =NORMALIZED_DATA!H21*TIER_WEIGHTS!$C$14 -> 0.083333333 | J15: =NORMALIZED_DATA!J21*TIER_WEIGHTS!$C$4 -> 1.296488 | K15: =NORMALIZED_DATA!O21*TIER_WEIGHTS!$C$5 -> 1.826087 | L15: =NORMALIZED_DATA!U21*TIER_WEIGHTS!$C$12 -> 2.4230769 | M15: =NORMALIZED_DATA!V21*TIER_WEIGHTS!$C$15 -> 1.8 | N15: =NORMALIZED_DATA!W21*TIER_WEIGHTS!$C$13 -> 1.3478261 | O15: =NORMALIZED_DATA!Y21*TIER_WEIGHTS!$C$6 -> 1.0714286 | P15: =NORMALIZED_DATA!Z21*TIER_WEIGHTS!$C$11 -> 0.5 | Q15: =NORMALIZED_DATA!AA21*TIER_WEIGHTS!$C$10 -> 0.72531003 | R15: =sum(D15:Q15) -> 14.850593
A16: 15 | B16: Roger Staubach | C16: =R16/Weights_by_Category[[#TOTALS],[BEST]] -> 36.584472 | D16: =NORMALIZED_DATA!B14*TIER_WEIGHTS!$C$2 -> 0.28571429 | E16: =NORMALIZED_DATA!C14*TIER_WEIGHTS!$C$8 -> 0.44444444 | F16: =NORMALIZED_DATA!D14*TIER_WEIGHTS!$C$7 -> 0.36 | G16: =NORMALIZED_DATA!F14*TIER_WEIGHTS!$C$3 -> 0.23580786 | H16: =NORMALIZED_DATA!G14*TIER_WEIGHTS!$C$9 -> 0.17647059 | I16: =NORMALIZED_DATA!H14*TIER_WEIGHTS!$C$14 -> 0.25 | J16: =NORMALIZED_DATA!J14*TIER_WEIGHTS!$C$4 -> 0.88946396 | K16: =NORMALIZED_DATA!O14*TIER_WEIGHTS!$C$5 -> 0.91304348 | L16: =NORMALIZED_DATA!U14*TIER_WEIGHTS!$C$12 -> 2.7692308 | M16: =NORMALIZED_DATA!V14*TIER_WEIGHTS!$C$15 -> 0.54606017 | N16: =NORMALIZED_DATA!W14*TIER_WEIGHTS!$C$13 -> 1.826087 | O16: =NORMALIZED_DATA!Y14*TIER_WEIGHTS!$C$6 -> 3.1607143 | P16: =NORMALIZED_DATA!Z14*TIER_WEIGHTS!$C$11 -> 2 | Q16: =NORMALIZED_DATA!AA14*TIER_WEIGHTS!$C$10 -> 0.74016743 | R16: =sum(D16:Q16) -> 14.597204
A17: 16 | B17: Kurt Warner | C17: =R17/Weights_by_Category[[#TOTALS],[BEST]] -> 34.557509 | D17: =NORMALIZED_DATA!B22*TIER_WEIGHTS!$C$2 -> 0.14285714 | E17: =NORMALIZED_DATA!C22*TIER_WEIGHTS!$C$8 -> 0.27777778 | F17: =NORMALIZED_DATA!D22*TIER_WEIGHTS!$C$7 -> 0.36 | G17: =NORMALIZED_DATA!F22*TIER_WEIGHTS!$C$3 -> 1.0906114 | H17: =NORMALIZED_DATA!G22*TIER_WEIGHTS!$C$9 -> 0.70588235 | I17: =NORMALIZED_DATA!H22*TIER_WEIGHTS!$C$14 -> 0.083333333 | J17: =NORMALIZED_DATA!J22*TIER_WEIGHTS!$C$4 -> 2.5397412 | K17: =NORMALIZED_DATA!O22*TIER_WEIGHTS!$C$5 -> 2.0869565 | L17: =NORMALIZED_DATA!U22*TIER_WEIGHTS!$C$12 -> 2.4230769 | M17: =NORMALIZED_DATA!V22*TIER_WEIGHTS!$C$15 -> 0.062858166 | N17: =NORMALIZED_DATA!W22*TIER_WEIGHTS!$C$13 -> 1 | O17: =NORMALIZED_DATA!Y22*TIER_WEIGHTS!$C$6 -> 0 | P17: =NORMALIZED_DATA!Z22*TIER_WEIGHTS!$C$11 -> 1.5 | Q17: =NORMALIZED_DATA!AA22*TIER_WEIGHTS!$C$10 -> 1.5153515 | R17: =sum(D17:Q17) -> 13.788446
A18: 17 | B18: Fran Tarkenton | C18: =R18/Weights_by_Category[[#TOTALS],[BEST]] -> 30.631927 | D18: =NORMALIZED_DATA!B15*TIER_WEIGHTS!$C$2 -> 0 | E18: =NORMALIZED_DATA!C15*TIER_WEIGHTS!$C$8 -> 0.25 | F18: =NORMALIZED_DATA!D15*TIER_WEIGHTS!$C$7 -> 0 | G18: =NORMALIZED_DATA!F15*TIER_WEIGHTS!$C$3 -> 0.03930131 | H18: =NORMALIZED_DATA!G15*TIER_WEIGHTS!$C$9 -> 0.52941176 | I18: =NORMALIZED_DATA!H15*TIER_WEIGHTS!$C$14 -> 0.5 | J18: =NORMALIZED_DATA!J15*TIER_WEIGHTS!$C$4 -> 1.2243993 | K18: =NORMALIZED_DATA!O15*TIER_WEIGHTS!$C$5 -> 1.4347826 | L18: =NORMALIZED_DATA!U15*TIER_WEIGHTS!$C$12 -> 1.7307692 | M18: =NORMALIZED_DATA!V15*TIER_WEIGHTS!$C$15 -> 0.46869628 | N18: =NORMALIZED_DATA!W15*TIER_WEIGHTS!$C$13 -> 2.1304348 | O18: =NORMALIZED_DATA!Y15*TIER_WEIGHTS!$C$6 -> 2.3035714 | P18: =NORMALIZED_DATA!Z15*TIER_WEIGHTS!$C$11 -> 1 | Q18: =NORMALIZED_DATA!AA15*TIER_WEIGHTS!$C$10 -> 0.61077214 | R18: =sum(D18:Q18) -> 12.222139
A19: 18 | B19: Terry Bradshaw | C19: =R19/Weights_by_Category[[#TOTALS],[BEST]] -> 29.009122 | D19: =NORMALIZED_DATA!B12*TIER_WEIGHTS!$C$2 -> 0.57142857 | E19: =NORMALIZED_DATA!C12*TIER_WEIGHTS!$C$8 -> 0.38888889 | F19: =NORMALIZED_DATA!D12*TIER_WEIGHTS!$C$7 -> 0.72 | G19: =NORMALIZED_DATA!F12*TIER_WEIGHTS!$C$3 -> 0.48144105 | H19: =NORMALIZED_DATA!G12*TIER_WEIGHTS!$C$9 -> 0.35294118 | I19: =NORMALIZED_DATA!H12*TIER_WEIGHTS!$C$14 -> 0 | J19: =NORMALIZED_DATA!J12*TIER_WEIGHTS!$C$4 -> 0.76303142 | K19: =NORMALIZED_DATA!O12*TIER_WEIGHTS!$C$5 -> 1.0434783 | L19: =NORMALIZED_DATA!U12*TIER_WEIGHTS!$C$12 -> 0.86538462 | M19: =NORMALIZED_DATA!V12*TIER_WEIGHTS!$C$15 -> 0.42034384 | N19: =NORMALIZED_DATA!W12*TIER_WEIGHTS!$C$13 -> 0.73913043 | O19: =NORMALIZED_DATA!Y12*TIER_WEIGHTS!$C$6 -> 1.9285714 | P19: =NORMALIZED_DATA!Z12*TIER_WEIGHTS!$C$11 -> 1.5 | Q19: =NORMALIZED_DATA!AA12*TIER_WEIGHTS!$C$10 -> 1.8 | R19: =sum(D19:Q19) -> 11.57464
A20: 19 | B20: John Elway | C20: =R20/Weights_by_Category[[#TOTALS],[BEST]] -> 27.623437 | D20: =NORMALIZED_DATA!B11*TIER_WEIGHTS!$C$2 -> 0.28571429 | E20: =NORMALIZED_DATA!C11*TIER_WEIGHTS!$C$8 -> 0.45833333 | F20: =NORMALIZED_DATA!D11*TIER_WEIGHTS!$C$7 -> 0.36 | G20: =NORMALIZED_DATA!F11*TIER_WEIGHTS!$C$3 -> 0.93340611 | H20: =NORMALIZED_DATA!G11*TIER_WEIGHTS!$C$9 -> 0.52941176 | I20: =NORMALIZED_DATA!H11*TIER_WEIGHTS!$C$14 -> 0.5 | J20: =NORMALIZED_DATA!J11*TIER_WEIGHTS!$C$4 -> 1.7700555 | K20: =NORMALIZED_DATA!O11*TIER_WEIGHTS!$C$5 -> 1.173913 | L20: =NORMALIZED_DATA!U11*TIER_WEIGHTS!$C$12 -> 0.69230769 | M20: =NORMALIZED_DATA!V11*TIER_WEIGHTS!$C$15 -> 0.45902579 | N20: =NORMALIZED_DATA!W11*TIER_WEIGHTS!$C$13 -> 1.6956522 | O20: =NORMALIZED_DATA!Y11*TIER_WEIGHTS!$C$6 -> 0.80357143 | P20: =NORMALIZED_DATA!Z11*TIER_WEIGHTS!$C$11 -> 0 | Q20: =NORMALIZED_DATA!AA11*TIER_WEIGHTS!$C$10 -> 1.3603605 | R20: =sum(D20:Q20) -> 11.021752
A21: 20 | B21: Bart Starr | C21: =R21/Weights_by_Category[[#TOTALS],[BEST]] -> 27.368632 | D21: =NORMALIZED_DATA!B6*TIER_WEIGHTS!$C$2 -> 0.71428571 | E21: =NORMALIZED_DATA!C6*TIER_WEIGHTS!$C$8 -> 0.19444444 | F21: =NORMALIZED_DATA!D6*TIER_WEIGHTS!$C$7 -> 0.72 | G21: =NORMALIZED_DATA!F6*TIER_WEIGHTS!$C$3 -> 0.41266376 | H21: =NORMALIZED_DATA!G6*TIER_WEIGHTS!$C$9 -> 0.88235294 | I21: =NORMALIZED_DATA!H6*TIER_WEIGHTS!$C$14 -> 0.083333333 | J21: =NORMALIZED_DATA!J6*TIER_WEIGHTS!$C$4 -> 0 | K21: =NORMALIZED_DATA!O6*TIER_WEIGHTS!$C$5 -> 0 | L21: =NORMALIZED_DATA!U6*TIER_WEIGHTS!$C$12 -> 1.5576923 | M21: =NORMALIZED_DATA!V6*TIER_WEIGHTS!$C$15 -> 0.20340258 | N21: =NORMALIZED_DATA!W6*TIER_WEIGHTS!$C$13 -> 1.2717391 | O21: =NORMALIZED_DATA!Y6*TIER_WEIGHTS!$C$6 -> 1.7142857 | P21: =NORMALIZED_DATA!Z6*TIER_WEIGHTS!$C$11 -> 1.5 | Q21: =NORMALIZED_DATA!AA6*TIER_WEIGHTS!$C$10 -> 1.6658843 | R21: =sum(D21:Q21) -> 10.920084
A22: 21 | B22: Warren Moon | C22: =R22/Weights_by_Category[[#TOTALS],[BEST]] -> 26.897804 | D22: =NORMALIZED_DATA!B24*TIER_WEIGHTS!$C$2 -> 0 | E22: =NORMALIZED_DATA!C24*TIER_WEIGHTS!$C$8 -> 0.041666667 | F22: =NORMALIZED_DATA!D24*TIER_WEIGHTS!$C$7 -> 0 | G22: =NORMALIZED_DATA!F24*TIER_WEIGHTS!$C$3 -> 0.23580786 | H22: =NORMALIZED_DATA!G24*TIER_WEIGHTS!$C$9 -> 0.17647059 | I22: =NORMALIZED_DATA!H24*TIER_WEIGHTS!$C$14 -> 0.5 | J22: =NORMALIZED_DATA!J24*TIER_WEIGHTS!$C$4 -> 2.0927911 | K22: =NORMALIZED_DATA!O24*TIER_WEIGHTS!$C$5 -> 1.4347826 | L22: =NORMALIZED_DATA!U24*TIER_WEIGHTS!$C$12 -> 0.69230769 | M22: =NORMALIZED_DATA!V24*TIER_WEIGHTS!$C$15 -> 0.25755731 | N22: =NORMALIZED_DATA!W24*TIER_WEIGHTS!$C$13 -> 1.3043478 | O22: =NORMALIZED_DATA!Y24*TIER_WEIGHTS!$C$6 -> 1.8214286 | P22: =NORMALIZED_DATA!Z24*TIER_WEIGHTS!$C$11 -> 1 | Q22: =NORMALIZED_DATA!AA24*TIER_WEIGHTS!$C$10 -> 1.1750636 | R22: =sum(D22:Q22) -> 10.732224
A23: 22 | B23: Ben Roethlisberger | C23: =R23/Weights_by_Category[[#TOTALS],[BEST]] -> 26.846411 | D23: =NORMALIZED_DATA!B19*TIER_WEIGHTS!$C$2 -> 0.28571429 | E23: =NORMALIZED_DATA!C19*TIER_WEIGHTS!$C$8 -> 0.34722222 | F23: =NORMALIZED_DATA!D19*TIER_WEIGHTS!$C$7 -> 0 | G23: =NORMALIZED_DATA!F19*TIER_WEIGHTS!$C$3 -> 0 | H23: =NORMALIZED_DATA!G19*TIER_WEIGHTS!$C$9 -> 0 | I23: =NORMALIZED_DATA!H19*TIER_WEIGHTS!$C$14 -> 0.25 | J23: =NORMALIZED_DATA!J19*TIER_WEIGHTS!$C$4 -> 2.4743068 | K23: =NORMALIZED_DATA!O19*TIER_WEIGHTS!$C$5 -> 2.0869565 | L23: =NORMALIZED_DATA!U19*TIER_WEIGHTS!$C$12 -> 1.2115385 | M23: =NORMALIZED_DATA!V19*TIER_WEIGHTS!$C$15 -> 0.16601003 | N23: =NORMALIZED_DATA!W19*TIER_WEIGHTS!$C$13 -> 1.2173913 | O23: =NORMALIZED_DATA!Y19*TIER_WEIGHTS!$C$6 -> 0.64285714 | P23: =NORMALIZED_DATA!Z19*TIER_WEIGHTS!$C$11 -> 1 | Q23: =NORMALIZED_DATA!AA19*TIER_WEIGHTS!$C$10 -> 1.0297214 | R23: =sum(D23:Q23) -> 10.711718
A24: 23 | B24: Jim Kelly | C24: =R24/Weights_by_Category[[#TOTALS],[BEST]] -> 25.856744 | D24: =NORMALIZED_DATA!B25*TIER_WEIGHTS!$C$2 -> 0 | E24: =NORMALIZED_DATA!C25*TIER_WEIGHTS!$C$8 -> 0.34722222 | F24: =NORMALIZED_DATA!D25*TIER_WEIGHTS!$C$7 -> 0 | G24: =NORMALIZED_DATA!F25*TIER_WEIGHTS!$C$3 -> 0.27510917 | H24: =NORMALIZED_DATA!G25*TIER_WEIGHTS!$C$9 -> 0.52941176 | I24: =NORMALIZED_DATA!H25*TIER_WEIGHTS!$C$14 -> 0.16666667 | J24: =NORMALIZED_DATA!J25*TIER_WEIGHTS!$C$4 -> 1.8011091 | K24: =NORMALIZED_DATA!O25*TIER_WEIGHTS!$C$5 -> 1.5652174 | L24: =NORMALIZED_DATA!U25*TIER_WEIGHTS!$C$12 -> 1.2115385 | M24: =NORMALIZED_DATA!V25*TIER_WEIGHTS!$C$15 -> 0.19985673 | N24: =NORMALIZED_DATA!W25*TIER_WEIGHTS!$C$13 -> 0.95652174 | O24: =NORMALIZED_DATA!Y25*TIER_WEIGHTS!$C$6 -> 1.3392857 | P24: =NORMALIZED_DATA!Z25*TIER_WEIGHTS!$C$11 -> 1 | Q24: =NORMALIZED_DATA!AA25*TIER_WEIGHTS!$C$10 -> 0.92490203 | R24: =sum(D24:Q24) -> 10.316841
A25: 24 | B25: YA Tittle | C25: =R25/Weights_by_Category[[#TOTALS],[BEST]] -> 23.470475 | D25: =NORMALIZED_DATA!B18*TIER_WEIGHTS!$C$2 -> 0 | E25: =NORMALIZED_DATA!C18*TIER_WEIGHTS!$C$8 -> 0 | F25: =NORMALIZED_DATA!D18*TIER_WEIGHTS!$C$7 -> 0 | G25: =NORMALIZED_DATA!F18*TIER_WEIGHTS!$C$3 -> 1.3460699 | H25: =NORMALIZED_DATA!G18*TIER_WEIGHTS!$C$9 -> 1.0588235 | I25: =NORMALIZED_DATA!H18*TIER_WEIGHTS!$C$14 -> 0.33333333 | J25: =NORMALIZED_DATA!J18*TIER_WEIGHTS!$C$4 -> 0.67874307 | K25: =NORMALIZED_DATA!O18*TIER_WEIGHTS!$C$5 -> 0.91304348 | L25: =NORMALIZED_DATA!U18*TIER_WEIGHTS!$C$12 -> 1.3846154 | M25: =NORMALIZED_DATA!V18*TIER_WEIGHTS!$C$15 -> 0.18502865 | N25: =NORMALIZED_DATA!W18*TIER_WEIGHTS!$C$13 -> 0.30434783 | O25: =NORMALIZED_DATA!Y18*TIER_WEIGHTS!$C$6 -> 0.16071429 | P25: =NORMALIZED_DATA!Z18*TIER_WEIGHTS!$C$11 -> 3 | Q25: =NORMALIZED_DATA!AA18*TIER_WEIGHTS!$C$10 -> 0 | R25: =sum(D25:Q25) -> 9.3647194
A26: 25 | B26: Ken Stabler | C26: =R26/Weights_by_Category[[#TOTALS],[BEST]] -> 18.400693 | D26: =NORMALIZED_DATA!B26*TIER_WEIGHTS!$C$2 -> 0.14285714 | E26: =NORMALIZED_DATA!C26*TIER_WEIGHTS!$C$8 -> 0.19444444 | F26: =NORMALIZED_DATA!D26*TIER_WEIGHTS!$C$7 -> 0 | G26: =NORMALIZED_DATA!F26*TIER_WEIGHTS!$C$3 -> 0.64847162 | H26: =NORMALIZED_DATA!G26*TIER_WEIGHTS!$C$9 -> 0.52941176 | I26: =NORMALIZED_DATA!H26*TIER_WEIGHTS!$C$14 -> 0.083333333 | J26: =NORMALIZED_DATA!J26*TIER_WEIGHTS!$C$4 -> 0.48465804 | K26: =NORMALIZED_DATA!O26*TIER_WEIGHTS!$C$5 -> 0.65217391 | L26: =NORMALIZED_DATA!U26*TIER_WEIGHTS!$C$12 -> 0 | M26: =NORMALIZED_DATA!V26*TIER_WEIGHTS!$C$15 -> 0.0048352436 | N26: =NORMALIZED_DATA!W26*TIER_WEIGHTS!$C$13 -> 0 | O26: =NORMALIZED_DATA!Y26*TIER_WEIGHTS!$C$6 -> 2.0357143 | P26: =NORMALIZED_DATA!Z26*TIER_WEIGHTS!$C$11 -> 1 | Q26: =NORMALIZED_DATA!AA26*TIER_WEIGHTS!$C$10 -> 1.5659766 | R26: =sum(D26:Q26) -> 7.3418764

Sheet MODEL_DOMINANT
A1: # | B1: QB | C1: DOMINANCE SCORE | D1: Super Bowls | E1: Playoff Success Score | F1: Super Bowl MVPs | G1: MVP Shares | H1: All-Pro Score | I1: Pro Bowls | J1: Adjusted Yards per Season | K1: Adjusted TDs per Season | L1: Career ANY/A+ | M1: Rush Yards per Game | N1: Negative Play Rate | O1: Peak Score | P1: Dominance Score | Q1: Playoff Elevation Score | R1: TOTAL
A2: 1 | B2: Peyton Manning | C2: =R2/Weights_by_Category[[#TOTALS],[DOMINANT]] -> 75.570969 | D2: =NORMALIZED_DATA!B4*TIER_WEIGHTS!$D$2 -> 0.85714286 | E2: =NORMALIZED_DATA!C4*TIER_WEIGHTS!$D$8 -> 0.725 | F2: =NORMALIZED_DATA!D4*TIER_WEIGHTS!$D$7 -> 0.6 | G2: =NORMALIZED_DATA!F4*TIER_WEIGHTS!$D$3 -> 3 | H2: =NORMALIZED_DATA!G4*TIER_WEIGHTS!$D$9 -> 3 | I2: =NORMALIZED_DATA!H4*TIER_WEIGHTS!$D$14 -> 0.91666667 | J2: =NORMALIZED_DATA!L4*TIER_WEIGHTS!$D$4 -> 4.5 | K2: =NORMALIZED_DATA!Q4*TIER_WEIGHTS!$D$5 -> 4.5 | L2: =NORMALIZED_DATA!U4*TIER_WEIGHTS!$D$12 -> 3.1153846 | M2: =NORMALIZED_DATA!V4*TIER_WEIGHTS!$D$15 -> 0.038502865 | N2: =NORMALIZED_DATA!W4*TIER_WEIGHTS!$D$13 -> 1.4347826 | O2: =NORMALIZED_DATA!Y4*TIER_WEIGHTS!$D$6 -> 2.6785714 | P2: =NORMALIZED_DATA!Z4*TIER_WEIGHTS!$D$11 -> 5.3333333 | Q2: =NORMALIZED_DATA!AA4*TIER_WEIGHTS!$D$10 -> 0.96485172 | R2: =sum(D2:Q2) -> 31.664236
A3: 2 | B3: Tom Brady | C3: =R3/Weights_by_Category[[#TOTALS],[DOMINANT]] -> 74.866639 | D3: =NORMALIZED_DATA!B2*TIER_WEIGHTS!$D$2 -> 3 | E3: =NORMALIZED_DATA!C2*TIER_WEIGHTS!$D$8 -> 1.8 | F3: =NORMALIZED_DATA!D2*TIER_WEIGHTS!$D$7 -> 3 | G3: =NORMALIZED_DATA!F2*TIER_WEIGHTS!$D$3 -> 2.3580786 | H3: =NORMALIZED_DATA!G2*TIER_WEIGHTS!$D$9 -> 1.5882353 | I3: =NORMALIZED_DATA!H2*TIER_WEIGHTS!$D$14 -> 1 | J3: =NORMALIZED_DATA!L2*TIER_WEIGHTS!$D$4 -> 3.9723649 | K3: =NORMALIZED_DATA!Q2*TIER_WEIGHTS!$D$5 -> 3.8746506 | L3: =NORMALIZED_DATA!U2*TIER_WEIGHTS!$D$12 -> 2.4230769 | M3: =NORMALIZED_DATA!V2*TIER_WEIGHTS!$D$15 -> 0.053545845 | N3: =NORMALIZED_DATA!W2*TIER_WEIGHTS!$D$13 -> 1.773913 | O3: =NORMALIZED_DATA!Y2*TIER_WEIGHTS!$D$6 -> 2.1696429 | P3: =NORMALIZED_DATA!Z2*TIER_WEIGHTS!$D$11 -> 3.3333333 | Q3: =NORMALIZED_DATA!AA2*TIER_WEIGHTS!$D$10 -> 1.0222803 | R3: =sum(D3:Q3) -> 31.369122
A4: 3 | B4: Otto Graham | C4: =R4/Weights_by_Category[[#TOTALS],[DOMINANT]] -> 66.953208 | D4: =NORMALIZED_DATA!B16*TIER_WEIGHTS!$D$2 -> 3 | E4: =NORMALIZED_DATA!C16*TIER_WEIGHTS!$D$8 -> 0.2 | F4: =NORMALIZED_DATA!D16*TIER_WEIGHTS!$D$7 -> 0 | G4: =NORMALIZED_DATA!F16*TIER_WEIGHTS!$D$3 -> 1.3820961 | H4: =NORMALIZED_DATA!G16*TIER_WEIGHTS!$D$9 -> 1.7647059 | I4: =NORMALIZED_DATA!H16*TIER_WEIGHTS!$D$14 -> 0.16666667 | J4: =NORMALIZED_DATA!L16*TIER_WEIGHTS!$D$4 -> 4.0566533 | K4: =NORMALIZED_DATA!Q16*TIER_WEIGHTS!$D$5 -> 2.3693445 | L4: =NORMALIZED_DATA!U16*TIER_WEIGHTS!$D$12 -> 4.5 | M4: =NORMALIZED_DATA!V16*TIER_WEIGHTS!$D$15 -> 0.11891117 | N4: =NORMALIZED_DATA!W16*TIER_WEIGHTS!$D$13 -> 1.773913 | O4: =NORMALIZED_DATA!Y16*TIER_WEIGHTS!$D$6 -> 2.7857143 | P4: =NORMALIZED_DATA!Z16*TIER_WEIGHTS!$D$11 -> 5.3333333 | Q4: =NORMALIZED_DATA!AA16*TIER_WEIGHTS!$D$10 -> 0.60205577 | R4: =sum(D4:Q4) -> 28.053394
A5: 4 | B5: Patrick Mahomes | C5: =R5/Weights_by_Category[[#TOTALS],[DOMINANT]] -> 58.382492 | D5: =NORMALIZED_DATA!B9*TIER_WEIGHTS!$D$2 -> 1.2857143 | E5: =NORMALIZED_DATA!C9*TIER_WEIGHTS!$D$8 -> 0.9 | F5: =NORMALIZED_DATA!D9*TIER_WEIGHTS!$D$7 -> 1.8 | G5: =NORMALIZED_DATA!F9*TIER_WEIGHTS!$D$3 -> 1.2641921 | H5: =NORMALIZED_DATA!G9*TIER_WEIGHTS!$D$9 -> 0.88235294 | I5: =NORMALIZED_DATA!H9*TIER_WEIGHTS!$D$14 -> 0.25 | J5: =NORMALIZED_DATA!L9*TIER_WEIGHTS!$D$4 -> 4.0734676 | K5: =NORMALIZED_DATA!Q9*TIER_WEIGHTS!$D$5 -> 3.8992011 | L5: =NORMALIZED_DATA!U9*TIER_WEIGHTS!$D$12 -> 2.5961538 | M5: =NORMALIZED_DATA!V9*TIER_WEIGHTS!$D$15 -> 0.37320917 | N5: =NORMALIZED_DATA!W9*TIER_WEIGHTS!$D$13 -> 1.3826087 | O5: =NORMALIZED_DATA!Y9*TIER_WEIGHTS!$D$6 -> 1.875 | P5: =NORMALIZED_DATA!Z9*TIER_WEIGHTS!$D$11 -> 2.6666667 | Q5: =NORMALIZED_DATA!AA9*TIER_WEIGHTS!$D$10 -> 1.2136976 | R5: =sum(D5:Q5) -> 24.462264
A6: 5 | B6: Aaron Rodgers | C6: =R6/Weights_by_Category[[#TOTALS],[DOMINANT]] -> 55.637675 | D6: =NORMALIZED_DATA!B7*TIER_WEIGHTS!$D$2 -> 0.42857143 | E6: =NORMALIZED_DATA!C7*TIER_WEIGHTS!$D$8 -> 0.5 | F6: =NORMALIZED_DATA!D7*TIER_WEIGHTS!$D$7 -> 0.6 | G6: =NORMALIZED_DATA!F7*TIER_WEIGHTS!$D$3 -> 2.1484716 | H6: =NORMALIZED_DATA!G7*TIER_WEIGHTS!$D$9 -> 1.5882353 | I6: =NORMALIZED_DATA!H7*TIER_WEIGHTS!$D$14 -> 0.58333333 | J6: =NORMALIZED_DATA!L7*TIER_WEIGHTS!$D$4 -> 2.9592777 | K6: =NORMALIZED_DATA!Q7*TIER_WEIGHTS!$D$5 -> 3.819119 | L6: =NORMALIZED_DATA!U7*TIER_WEIGHTS!$D$12 -> 2.25 | M6: =NORMALIZED_DATA!V7*TIER_WEIGHTS!$D$15 -> 0.24068768 | N6: =NORMALIZED_DATA!W7*TIER_WEIGHTS!$D$13 -> 1.4869565 | O6: =NORMALIZED_DATA!Y7*TIER_WEIGHTS!$D$6 -> 2.2767857 | P6: =NORMALIZED_DATA!Z7*TIER_WEIGHTS!$D$11 -> 3.3333333 | Q6: =NORMALIZED_DATA!AA7*TIER_WEIGHTS!$D$10 -> 1.097414 | R6: =sum(D6:Q6) -> 23.312186
A7: 6 | B7: Steve Young | C7: =R7/Weights_by_Category[[#TOTALS],[DOMINANT]] -> 53.814561 | D7: =NORMALIZED_DATA!B13*TIER_WEIGHTS!$D$2 -> 0.42857143 | E7: =NORMALIZED_DATA!C13*TIER_WEIGHTS!$D$8 -> 0.7 | F7: =NORMALIZED_DATA!D13*TIER_WEIGHTS!$D$7 -> 0.6 | G7: =NORMALIZED_DATA!F13*TIER_WEIGHTS!$D$3 -> 1.1659389 | H7: =NORMALIZED_DATA!G13*TIER_WEIGHTS!$D$9 -> 1.5882353 | I7: =NORMALIZED_DATA!H13*TIER_WEIGHTS!$D$14 -> 0.33333333 | J7: =NORMALIZED_DATA!L13*TIER_WEIGHTS!$D$4 -> 1.9336367 | K7: =NORMALIZED_DATA!Q13*TIER_WEIGHTS!$D$5 -> 2.8202358 | L7: =NORMALIZED_DATA!U13*TIER_WEIGHTS!$D$12 -> 3.4615385 | M7: =NORMALIZED_DATA!V13*TIER_WEIGHTS!$D$15 -> 0.44305158 | N7: =NORMALIZED_DATA!W13*TIER_WEIGHTS!$D$13 -> 1.0956522 | O7: =NORMALIZED_DATA!Y13*TIER_WEIGHTS!$D$6 -> 3 | P7: =NORMALIZED_DATA!Z13*TIER_WEIGHTS!$D$11 -> 4 | Q7: =NORMALIZED_DATA!AA13*TIER_WEIGHTS!$D$10 -> 0.97810733 | R7: =sum(D7:Q7) -> 22.548301
A8: 7 | B8: Dan Marino | C8: =R8/Weights_by_Category[[#TOTALS],[DOMINANT]] -> 52.653477 | D8: =NORMALIZED_DATA!B10*TIER_WEIGHTS!$D$2 -> 0 | E8: =NORMALIZED_DATA!C10*TIER_WEIGHTS!$D$8 -> 0.35 | F8: =NORMALIZED_DATA!D10*TIER_WEIGHTS!$D$7 -> 0 | G8: =NORMALIZED_DATA!F10*TIER_WEIGHTS!$D$3 -> 0.50436681 | H8: =NORMALIZED_DATA!G10*TIER_WEIGHTS!$D$9 -> 1.5882353 | I8: =NORMALIZED_DATA!H10*TIER_WEIGHTS!$D$14 -> 0.5 | J8: =NORMALIZED_DATA!L10*TIER_WEIGHTS!$D$4 -> 3.7039194 | K8: =NORMALIZED_DATA!Q10*TIER_WEIGHTS!$D$5 -> 3.4580833 | L8: =NORMALIZED_DATA!U10*TIER_WEIGHTS!$D$12 -> 2.9423077 | M8: =NORMALIZED_DATA!V10*TIER_WEIGHTS!$D$15 -> 0 | N8: =NORMALIZED_DATA!W10*TIER_WEIGHTS!$D$13 -> 1.6956522 | O8: =NORMALIZED_DATA!Y10*TIER_WEIGHTS!$D$6 -> 2.4107143 | P8: =NORMALIZED_DATA!Z10*TIER_WEIGHTS!$D$11 -> 4 | Q8: =NORMALIZED_DATA!AA10*TIER_WEIGHTS!$D$10 -> 0.90852791 | R8: =sum(D8:Q8) -> 22.061807
A9: 8 | B9: Drew Brees | C9: =R9/Weights_by_Category[[#TOTALS],[DOMINANT]] -> 53.179729 | D9: =NORMALIZED_DATA!B5*TIER_WEIGHTS!$D$2 -> 0.42857143 | E9: =NORMALIZED_DATA!C5*TIER_WEIGHTS!$D$8 -> 0.35 | F9: =NORMALIZED_DATA!D5*TIER_WEIGHTS!$D$7 -> 0.6 | G9: =NORMALIZED_DATA!F5*TIER_WEIGHTS!$D$3 -> 0.29475983 | H9: =NORMALIZED_DATA!G5*TIER_WEIGHTS!$D$9 -> 1.0588235 | I9: =NORMALIZED_DATA!H5*TIER_WEIGHTS!$D$14 -> 0.83333333 | J9: =NORMALIZED_DATA!L5*TIER_WEIGHTS!$D$4 -> 3.9404865 | K9: =NORMALIZED_DATA!Q5*TIER_WEIGHTS!$D$5 -> 3.7195723 | L9: =NORMALIZED_DATA!U5*TIER_WEIGHTS!$D$12 -> 2.4230769 | M9: =NORMALIZED_DATA!V5*TIER_WEIGHTS!$D$15 -> 0.040472779 | N9: =NORMALIZED_DATA!W5*TIER_WEIGHTS!$D$13 -> 1.4086957 | O9: =NORMALIZED_DATA!Y5*TIER_WEIGHTS!$D$6 -> 1.3660714 | P9: =NORMALIZED_DATA!Z5*TIER_WEIGHTS!$D$11 -> 4.6666667 | Q9: =NORMALIZED_DATA!AA5*TIER_WEIGHTS!$D$10 -> 1.1517759 | R9: =sum(D9:Q9) -> 22.282306
A10: 9 | B10: Sammy Baugh | C10: =R10/Weights_by_Category[[#TOTALS],[DOMINANT]] -> 52.308748 | D10: =NORMALIZED_DATA!B23*TIER_WEIGHTS!$D$2 -> 0.85714286 | E10: =NORMALIZED_DATA!C23*TIER_WEIGHTS!$D$8 -> 0.1 | F10: =NORMALIZED_DATA!D23*TIER_WEIGHTS!$D$7 -> 0 | G10: =NORMALIZED_DATA!F23*TIER_WEIGHTS!$D$3 -> 0 | H10: =NORMALIZED_DATA!G23*TIER_WEIGHTS!$D$9 -> 2.1176471 | I10: =NORMALIZED_DATA!H23*TIER_WEIGHTS!$D$14 -> 0.25 | J10: =NORMALIZED_DATA!L23*TIER_WEIGHTS!$D$4 -> 2.2207358 | K10: =NORMALIZED_DATA!Q23*TIER_WEIGHTS!$D$5 -> 2.2918166 | L10: =NORMALIZED_DATA!U23*TIER_WEIGHTS!$D$12 -> 2.9423077 | M10: =NORMALIZED_DATA!V23*TIER_WEIGHTS!$D$15 -> 0.028474212 | N10: =NORMALIZED_DATA!W23*TIER_WEIGHTS!$D$13 -> 1.8 | O10: =NORMALIZED_DATA!Y23*TIER_WEIGHTS!$D$6 -> 1.96875 | P10: =NORMALIZED_DATA!Z23*TIER_WEIGHTS!$D$11 -> 6 | Q10: =NORMALIZED_DATA!AA23*TIER_WEIGHTS!$D$10 -> 1.3404909 | R10: =sum(D10:Q10) -> 21.917365
A11: 10 | B11: Joe Montana | C11: =R11/Weights_by_Category[[#TOTALS],[DOMINANT]] -> 51.366076 | D11: =NORMALIZED_DATA!B3*TIER_WEIGHTS!$D$2 -> 1.7142857 | E11: =NORMALIZED_DATA!C3*TIER_WEIGHTS!$D$8 -> 0.775 | F11: =NORMALIZED_DATA!D3*TIER_WEIGHTS!$D$7 -> 1.8 | G11: =NORMALIZED_DATA!F3*TIER_WEIGHTS!$D$3 -> 1.0676856 | H11: =NORMALIZED_DATA!G3*TIER_WEIGHTS!$D$9 -> 1.4117647 | I11: =NORMALIZED_DATA!H3*TIER_WEIGHTS!$D$14 -> 0.41666667 | J11: =NORMALIZED_DATA!L3*TIER_WEIGHTS!$D$4 -> 2.1220635 | K11: =NORMALIZED_DATA!Q3*TIER_WEIGHTS!$D$5 -> 2.3812923 | L11: =NORMALIZED_DATA!U3*TIER_WEIGHTS!$D$12 -> 3.1153846 | M11: =NORMALIZED_DATA!V3*TIER_WEIGHTS!$D$15 -> 0.14989255 | N11: =NORMALIZED_DATA!W3*TIER_WEIGHTS!$D$13 -> 1.7217391 | O11: =NORMALIZED_DATA!Y3*TIER_WEIGHTS!$D$6 -> 1.5535714 | P11: =NORMALIZED_DATA!Z3*TIER_WEIGHTS!$D$11 -> 2 | Q11: =NORMALIZED_DATA!AA3*TIER_WEIGHTS!$D$10 -> 1.2930397 | R11: =sum(D11:Q11) -> 21.522386
A12: 11 | B12: Roger Staubach | C12: =R12/Weights_by_Category[[#TOTALS],[DOMINANT]] -> 46.075522 | D12: =NORMALIZED_DATA!B14*TIER_WEIGHTS!$D$2 -> 0.85714286 | E12: =NORMALIZED_DATA!C14*TIER_WEIGHTS!$D$8 -> 0.8 | F12: =NORMALIZED_DATA!D14*TIER_WEIGHTS!$D$7 -> 0.6 | G12: =NORMALIZED_DATA!F14*TIER_WEIGHTS!$D$3 -> 0.15720524 | H12: =NORMALIZED_DATA!G14*TIER_WEIGHTS!$D$9 -> 0.17647059 | I12: =NORMALIZED_DATA!H14*TIER_WEIGHTS!$D$14 -> 0.25 | J12: =NORMALIZED_DATA!L14*TIER_WEIGHTS!$D$4 -> 4.1307313 | K12: =NORMALIZED_DATA!Q14*TIER_WEIGHTS!$D$5 -> 3.1786529 | L12: =NORMALIZED_DATA!U14*TIER_WEIGHTS!$D$12 -> 2.7692308 | M12: =NORMALIZED_DATA!V14*TIER_WEIGHTS!$D$15 -> 0.30336676 | N12: =NORMALIZED_DATA!W14*TIER_WEIGHTS!$D$13 -> 1.0956522 | O12: =NORMALIZED_DATA!Y14*TIER_WEIGHTS!$D$6 -> 1.5803571 | P12: =NORMALIZED_DATA!Z14*TIER_WEIGHTS!$D$11 -> 2.6666667 | Q12: =NORMALIZED_DATA!AA14*TIER_WEIGHTS!$D$10 -> 0.74016743 | R12: =sum(D12:Q12) -> 19.305644
A13: 12 | B13: Johnny Unitas | C13: =R13/Weights_by_Category[[#TOTALS],[DOMINANT]] -> 45.988036 | D13: =NORMALIZED_DATA!B8*TIER_WEIGHTS!$D$2 -> 1.2857143 | E13: =NORMALIZED_DATA!C8*TIER_WEIGHTS!$D$8 -> 0.2 | F13: =NORMALIZED_DATA!D8*TIER_WEIGHTS!$D$7 -> 0 | G13: =NORMALIZED_DATA!F8*TIER_WEIGHTS!$D$3 -> 1.8275109 | H13: =NORMALIZED_DATA!G8*TIER_WEIGHTS!$D$9 -> 2.2941176 | I13: =NORMALIZED_DATA!H8*TIER_WEIGHTS!$D$14 -> 0.58333333 | J13: =NORMALIZED_DATA!L8*TIER_WEIGHTS!$D$4 -> 3.7762455 | K13: =NORMALIZED_DATA!Q8*TIER_WEIGHTS!$D$5 -> 2.6669555 | L13: =NORMALIZED_DATA!U8*TIER_WEIGHTS!$D$12 -> 0.86538462 | M13: =NORMALIZED_DATA!V8*TIER_WEIGHTS!$D$15 -> 0.14434097 | N13: =NORMALIZED_DATA!W8*TIER_WEIGHTS!$D$13 -> 1.0513043 | O13: =NORMALIZED_DATA!Y8*TIER_WEIGHTS!$D$6 -> 1.1785714 | P13: =NORMALIZED_DATA!Z8*TIER_WEIGHTS!$D$11 -> 2.6666667 | Q13: =NORMALIZED_DATA!AA8*TIER_WEIGHTS!$D$10 -> 0.72884175 | R13: =sum(D13:Q13) -> 19.268987
A14: 13 | B14: Dan Fouts | C14: =R14/Weights_by_Category[[#TOTALS],[DOMINANT]] -> 44.152964 | D14: =NORMALIZED_DATA!B20*TIER_WEIGHTS!$D$2 -> 0 | E14: =NORMALIZED_DATA!C20*TIER_WEIGHTS!$D$8 -> 0.125 | F14: =NORMALIZED_DATA!D20*TIER_WEIGHTS!$D$7 -> 0 | G14: =NORMALIZED_DATA!F20*TIER_WEIGHTS!$D$3 -> 0.49781659 | H14: =NORMALIZED_DATA!G20*TIER_WEIGHTS!$D$9 -> 1.0588235 | I14: =NORMALIZED_DATA!H20*TIER_WEIGHTS!$D$14 -> 0.25 | J14: =NORMALIZED_DATA!L20*TIER_WEIGHTS!$D$4 -> 3.0206184 | K14: =NORMALIZED_DATA!Q20*TIER_WEIGHTS!$D$5 -> 1.9333031 | L14: =NORMALIZED_DATA!U20*TIER_WEIGHTS!$D$12 -> 2.5961538 | M14: =NORMALIZED_DATA!V20*TIER_WEIGHTS!$D$15 -> 0.040651862 | N14: =NORMALIZED_DATA!W20*TIER_WEIGHTS!$D$13 -> 1.1217391 | O14: =NORMALIZED_DATA!Y20*TIER_WEIGHTS!$D$6 -> 2.2232143 | P14: =NORMALIZED_DATA!Z20*TIER_WEIGHTS!$D$11 -> 4.6666667 | Q14: =NORMALIZED_DATA!AA20*TIER_WEIGHTS!$D$10 -> 0.96610424 | R14: =sum(D14:Q14) -> 18.500092
A15: 14 | B15: Brett Favre | C15: =R15/Weights_by_Category[[#TOTALS],[DOMINANT]] -> 45.756804 | D15: =NORMALIZED_DATA!B17*TIER_WEIGHTS!$D$2 -> 0.42857143 | E15: =NORMALIZED_DATA!C17*TIER_WEIGHTS!$D$8 -> 0.575 | F15: =NORMALIZED_DATA!D17*TIER_WEIGHTS!$D$7 -> 0 | G15: =NORMALIZED_DATA!F17*TIER_WEIGHTS!$D$3 -> 1.4213974 | H15: =NORMALIZED_DATA!G17*TIER_WEIGHTS!$D$9 -> 1.5882353 | I15: =NORMALIZED_DATA!H17*TIER_WEIGHTS!$D$14 -> 0.66666667 | J15: =NORMALIZED_DATA!L17*TIER_WEIGHTS!$D$4 -> 3.5029112 | K15: =NORMALIZED_DATA!Q17*TIER_WEIGHTS!$D$5 -> 3.6525616 | L15: =NORMALIZED_DATA!U17*TIER_WEIGHTS!$D$12 -> 1.0384615 | M15: =NORMALIZED_DATA!V17*TIER_WEIGHTS!$D$15 -> 0.10297278 | N15: =NORMALIZED_DATA!W17*TIER_WEIGHTS!$D$13 -> 0.75652174 | O15: =NORMALIZED_DATA!Y17*TIER_WEIGHTS!$D$6 -> 0.83035714 | P15: =NORMALIZED_DATA!Z17*TIER_WEIGHTS!$D$11 -> 3.3333333 | Q15: =NORMALIZED_DATA!AA17*TIER_WEIGHTS!$D$10 -> 1.2751108 | R15: =sum(D15:Q15) -> 19.172101
A16: 15 | B16: Kurt Warner | C16: =R16/Weights_by_Category[[#TOTALS],[DOMINANT]] -> 37.356951 | D16: =NORMALIZED_DATA!B22*TIER_WEIGHTS!$D$2 -> 0.42857143 | E16: =NORMALIZED_DATA!C22*TIER_WEIGHTS!$D$8 -> 0.5 | F16: =NORMALIZED_DATA!D22*TIER_WEIGHTS!$D$7 -> 0.6 | G16: =NORMALIZED_DATA!F22*TIER_WEIGHTS!$D$3 -> 0.72707424 | H16: =NORMALIZED_DATA!G22*TIER_WEIGHTS!$D$9 -> 0.70588235 | I16: =NORMALIZED_DATA!H22*TIER_WEIGHTS!$D$14 -> 0.083333333 | J16: =NORMALIZED_DATA!L22*TIER_WEIGHTS!$D$4 -> 2.9353969 | K16: =NORMALIZED_DATA!Q22*TIER_WEIGHTS!$D$5 -> 3.0989546 | L16: =NORMALIZED_DATA!U22*TIER_WEIGHTS!$D$12 -> 2.4230769 | M16: =NORMALIZED_DATA!V22*TIER_WEIGHTS!$D$15 -> 0.034921203 | N16: =NORMALIZED_DATA!W22*TIER_WEIGHTS!$D$13 -> 0.6 | O16: =NORMALIZED_DATA!Y22*TIER_WEIGHTS!$D$6 -> 0 | P16: =NORMALIZED_DATA!Z22*TIER_WEIGHTS!$D$11 -> 2 | Q16: =NORMALIZED_DATA!AA22*TIER_WEIGHTS!$D$10 -> 1.5153515 | R16: =sum(D16:Q16) -> 15.652562
A17: 16 | B17: Terry Bradshaw | C17: =R17/Weights_by_Category[[#TOTALS],[DOMINANT]] -> 34.129981 | D17: =NORMALIZED_DATA!B12*TIER_WEIGHTS!$D$2 -> 1.7142857 | E17: =NORMALIZED_DATA!C12*TIER_WEIGHTS!$D$8 -> 0.7 | F17: =NORMALIZED_DATA!D12*TIER_WEIGHTS!$D$7 -> 1.2 | G17: =NORMALIZED_DATA!F12*TIER_WEIGHTS!$D$3 -> 0.3209607 | H17: =NORMALIZED_DATA!G12*TIER_WEIGHTS!$D$9 -> 0.35294118 | I17: =NORMALIZED_DATA!H12*TIER_WEIGHTS!$D$14 -> 0 | J17: =NORMALIZED_DATA!L12*TIER_WEIGHTS!$D$4 -> 1.3816145 | K17: =NORMALIZED_DATA!Q12*TIER_WEIGHTS!$D$5 -> 2.3239869 | L17: =NORMALIZED_DATA!U12*TIER_WEIGHTS!$D$12 -> 0.86538462 | M17: =NORMALIZED_DATA!V12*TIER_WEIGHTS!$D$15 -> 0.23352436 | N17: =NORMALIZED_DATA!W12*TIER_WEIGHTS!$D$13 -> 0.44347826 | O17: =NORMALIZED_DATA!Y12*TIER_WEIGHTS!$D$6 -> 0.96428571 | P17: =NORMALIZED_DATA!Z12*TIER_WEIGHTS!$D$11 -> 2 | Q17: =NORMALIZED_DATA!AA12*TIER_WEIGHTS!$D$10 -> 1.8 | R17: =sum(D17:Q17) -> 14.300462
A18: 17 | B18: Fran Tarkenton | C18: =R18/Weights_by_Category[[#TOTALS],[DOMINANT]] -> 32.67056 | D18: =NORMALIZED_DATA!B15*TIER_WEIGHTS!$D$2 -> 0 | E18: =NORMALIZED_DATA!C15*TIER_WEIGHTS!$D$8 -> 0.45 | F18: =NORMALIZED_DATA!D15*TIER_WEIGHTS!$D$7 -> 0 | G18: =NORMALIZED_DATA!F15*TIER_WEIGHTS!$D$3 -> 0.026200873 | H18: =NORMALIZED_DATA!G15*TIER_WEIGHTS!$D$9 -> 0.52941176 | I18: =NORMALIZED_DATA!H15*TIER_WEIGHTS!$D$14 -> 0.5 | J18: =NORMALIZED_DATA!L15*TIER_WEIGHTS!$D$4 -> 3.2913481 | K18: =NORMALIZED_DATA!Q15*TIER_WEIGHTS!$D$5 -> 2.5266957 | L18: =NORMALIZED_DATA!U15*TIER_WEIGHTS!$D$12 -> 1.7307692 | M18: =NORMALIZED_DATA!V15*TIER_WEIGHTS!$D$15 -> 0.26038682 | N18: =NORMALIZED_DATA!W15*TIER_WEIGHTS!$D$13 -> 1.2782609 | O18: =NORMALIZED_DATA!Y15*TIER_WEIGHTS!$D$6 -> 1.1517857 | P18: =NORMALIZED_DATA!Z15*TIER_WEIGHTS!$D$11 -> 1.3333333 | Q18: =NORMALIZED_DATA!AA15*TIER_WEIGHTS!$D$10 -> 0.61077214 | R18: =sum(D18:Q18) -> 13.688964
A19: 18 | B19: Bart Starr | C19: =R19/Weights_by_Category[[#TOTALS],[DOMINANT]] -> 28.378083 | D19: =NORMALIZED_DATA!B6*TIER_WEIGHTS!$D$2 -> 2.1428571 | E19: =NORMALIZED_DATA!C6*TIER_WEIGHTS!$D$8 -> 0.35 | F19: =NORMALIZED_DATA!D6*TIER_WEIGHTS!$D$7 -> 1.2 | G19: =NORMALIZED_DATA!F6*TIER_WEIGHTS!$D$3 -> 0.27510917 | H19: =NORMALIZED_DATA!G6*TIER_WEIGHTS!$D$9 -> 0.88235294 | I19: =NORMALIZED_DATA!H6*TIER_WEIGHTS!$D$14 -> 0.083333333 | J19: =NORMALIZED_DATA!L6*TIER_WEIGHTS!$D$4 -> 0 | K19: =NORMALIZED_DATA!Q6*TIER_WEIGHTS!$D$5 -> 0 | L19: =NORMALIZED_DATA!U6*TIER_WEIGHTS!$D$12 -> 1.5576923 | M19: =NORMALIZED_DATA!V6*TIER_WEIGHTS!$D$15 -> 0.11300143 | N19: =NORMALIZED_DATA!W6*TIER_WEIGHTS!$D$13 -> 0.76304348 | O19: =NORMALIZED_DATA!Y6*TIER_WEIGHTS!$D$6 -> 0.85714286 | P19: =NORMALIZED_DATA!Z6*TIER_WEIGHTS!$D$11 -> 2 | Q19: =NORMALIZED_DATA!AA6*TIER_WEIGHTS!$D$10 -> 1.6658843 | R19: =sum(D19:Q19) -> 11.890417
A20: 19 | B20: Lamar Jackson | C20: =R20/Weights_by_Category[[#TOTALS],[DOMINANT]] -> 27.745477 | D20: =NORMALIZED_DATA!B21*TIER_WEIGHTS!$D$2 -> 0 | E20: =NORMALIZED_DATA!C21*TIER_WEIGHTS!$D$8 -> 0.1 | F20: =NORMALIZED_DATA!D21*TIER_WEIGHTS!$D$7 -> 0 | G20: =NORMALIZED_DATA!F21*TIER_WEIGHTS!$D$3 -> 1.7751092 | H20: =NORMALIZED_DATA!G21*TIER_WEIGHTS!$D$9 -> 1.0588235 | I20: =NORMALIZED_DATA!H21*TIER_WEIGHTS!$D$14 -> 0.083333333 | J20: =NORMALIZED_DATA!L21*TIER_WEIGHTS!$D$4 -> 0.1121828 | K20: =NORMALIZED_DATA!Q21*TIER_WEIGHTS!$D$5 -> 2.3364427 | L20: =NORMALIZED_DATA!U21*TIER_WEIGHTS!$D$12 -> 2.4230769 | M20: =NORMALIZED_DATA!V21*TIER_WEIGHTS!$D$15 -> 1 | N20: =NORMALIZED_DATA!W21*TIER_WEIGHTS!$D$13 -> 0.80869565 | O20: =NORMALIZED_DATA!Y21*TIER_WEIGHTS!$D$6 -> 0.53571429 | P20: =NORMALIZED_DATA!Z21*TIER_WEIGHTS!$D$11 -> 0.66666667 | Q20: =NORMALIZED_DATA!AA21*TIER_WEIGHTS!$D$10 -> 0.72531003 | R20: =sum(D20:Q20) -> 11.625355
A21: 20 | B21: Warren Moon | C21: =R21/Weights_by_Category[[#TOTALS],[DOMINANT]] -> 26.824498 | D21: =NORMALIZED_DATA!B24*TIER_WEIGHTS!$D$2 -> 0 | E21: =NORMALIZED_DATA!C24*TIER_WEIGHTS!$D$8 -> 0.075 | F21: =NORMALIZED_DATA!D24*TIER_WEIGHTS!$D$7 -> 0 | G21: =NORMALIZED_DATA!F24*TIER_WEIGHTS!$D$3 -> 0.15720524 | H21: =NORMALIZED_DATA!G24*TIER_WEIGHTS!$D$9 -> 0.17647059 | I21: =NORMALIZED_DATA!H24*TIER_WEIGHTS!$D$14 -> 0.5 | J21: =NORMALIZED_DATA!L24*TIER_WEIGHTS!$D$4 -> 2.9719262 | K21: =NORMALIZED_DATA!Q24*TIER_WEIGHTS!$D$5 -> 2.3217477 | L21: =NORMALIZED_DATA!U24*TIER_WEIGHTS!$D$12 -> 0.69230769 | M21: =NORMALIZED_DATA!V24*TIER_WEIGHTS!$D$15 -> 0.14308739 | N21: =NORMALIZED_DATA!W24*TIER_WEIGHTS!$D$13 -> 0.7826087 | O21: =NORMALIZED_DATA!Y24*TIER_WEIGHTS!$D$6 -> 0.91071429 | P21: =NORMALIZED_DATA!Z24*TIER_WEIGHTS!$D$11 -> 1.3333333 | Q21: =NORMALIZED_DATA!AA24*TIER_WEIGHTS!$D$10 -> 1.1750636 | R21: =sum(D21:Q21) -> 11.239465
A22: 21 | B22: John Elway | C22: =R22/Weights_by_Category[[#TOTALS],[DOMINANT]] -> 26.874782 | D22: =NORMALIZED_DATA!B11*TIER_WEIGHTS!$D$2 -> 0.85714286 | E22: =NORMALIZED_DATA!C11*TIER_WEIGHTS!$D$8 -> 0.825 | F22: =NORMALIZED_DATA!D11*TIER_WEIGHTS!$D$7 -> 0.6 | G22: =NORMALIZED_DATA!F11*TIER_WEIGHTS!$D$3 -> 0.62227074 | H22: =NORMALIZED_DATA!G11*TIER_WEIGHTS!$D$9 -> 0.52941176 | I22: =NORMALIZED_DATA!H11*TIER_WEIGHTS!$D$14 -> 0.5 | J22: =NORMALIZED_DATA!L11*TIER_WEIGHTS!$D$4 -> 1.9321075 | K22: =NORMALIZED_DATA!Q11*TIER_WEIGHTS!$D$5 -> 1.6677412 | L22: =NORMALIZED_DATA!U11*TIER_WEIGHTS!$D$12 -> 0.69230769 | M22: =NORMALIZED_DATA!V11*TIER_WEIGHTS!$D$15 -> 0.25501433 | N22: =NORMALIZED_DATA!W11*TIER_WEIGHTS!$D$13 -> 1.0173913 | O22: =NORMALIZED_DATA!Y11*TIER_WEIGHTS!$D$6 -> 0.40178571 | P22: =NORMALIZED_DATA!Z11*TIER_WEIGHTS!$D$11 -> 0 | Q22: =NORMALIZED_DATA!AA11*TIER_WEIGHTS!$D$10 -> 1.3603605 | R22: =sum(D22:Q22) -> 11.260534
A23: 22 | B23: Ben Roethlisberger | C23: =R23/Weights_by_Category[[#TOTALS],[DOMINANT]] -> 26.718332 | D23: =NORMALIZED_DATA!B19*TIER_WEIGHTS!$D$2 -> 0.85714286 | E23: =NORMALIZED_DATA!C19*TIER_WEIGHTS!$D$8 -> 0.625 | F23: =NORMALIZED_DATA!D19*TIER_WEIGHTS!$D$7 -> 0 | G23: =NORMALIZED_DATA!F19*TIER_WEIGHTS!$D$3 -> 0 | H23: =NORMALIZED_DATA!G19*TIER_WEIGHTS!$D$9 -> 0 | I23: =NORMALIZED_DATA!H19*TIER_WEIGHTS!$D$14 -> 0.25 | J23: =NORMALIZED_DATA!L19*TIER_WEIGHTS!$D$4 -> 2.3954315 | K23: =NORMALIZED_DATA!Q19*TIER_WEIGHTS!$D$5 -> 2.3487225 | L23: =NORMALIZED_DATA!U19*TIER_WEIGHTS!$D$12 -> 1.2115385 | M23: =NORMALIZED_DATA!V19*TIER_WEIGHTS!$D$15 -> 0.092227794 | N23: =NORMALIZED_DATA!W19*TIER_WEIGHTS!$D$13 -> 0.73043478 | O23: =NORMALIZED_DATA!Y19*TIER_WEIGHTS!$D$6 -> 0.32142857 | P23: =NORMALIZED_DATA!Z19*TIER_WEIGHTS!$D$11 -> 1.3333333 | Q23: =NORMALIZED_DATA!AA19*TIER_WEIGHTS!$D$10 -> 1.0297214 | R23: =sum(D23:Q23) -> 11.194981
A24: 23 | B24: Jim Kelly | C24: =R24/Weights_by_Category[[#TOTALS],[DOMINANT]] -> 26.049103 | D24: =NORMALIZED_DATA!B25*TIER_WEIGHTS!$D$2 -> 0 | E24: =NORMALIZED_DATA!C25*TIER_WEIGHTS!$D$8 -> 0.625 | F24: =NORMALIZED_DATA!D25*TIER_WEIGHTS!$D$7 -> 0 | G24: =NORMALIZED_DATA!F25*TIER_WEIGHTS!$D$3 -> 0.18340611 | H24: =NORMALIZED_DATA!G25*TIER_WEIGHTS!$D$9 -> 0.52941176 | I24: =NORMALIZED_DATA!H25*TIER_WEIGHTS!$D$14 -> 0.16666667 | J24: =NORMALIZED_DATA!L25*TIER_WEIGHTS!$D$4 -> 2.011975 | K24: =NORMALIZED_DATA!Q25*TIER_WEIGHTS!$D$5 -> 2.5737532 | L24: =NORMALIZED_DATA!U25*TIER_WEIGHTS!$D$12 -> 1.2115385 | M24: =NORMALIZED_DATA!V25*TIER_WEIGHTS!$D$15 -> 0.11103152 | N24: =NORMALIZED_DATA!W25*TIER_WEIGHTS!$D$13 -> 0.57391304 | O24: =NORMALIZED_DATA!Y25*TIER_WEIGHTS!$D$6 -> 0.66964286 | P24: =NORMALIZED_DATA!Z25*TIER_WEIGHTS!$D$11 -> 1.3333333 | Q24: =NORMALIZED_DATA!AA25*TIER_WEIGHTS!$D$10 -> 0.92490203 | R24: =sum(D24:Q24) -> 10.914574
A25: 24 | B25: YA Tittle | C25: =R25/Weights_by_Category[[#TOTALS],[DOMINANT]] -> 26.680099 | D25: =NORMALIZED_DATA!B18*TIER_WEIGHTS!$D$2 -> 0 | E25: =NORMALIZED_DATA!C18*TIER_WEIGHTS!$D$8 -> 0 | F25: =NORMALIZED_DATA!D18*TIER_WEIGHTS!$D$7 -> 0 | G25: =NORMALIZED_DATA!F18*TIER_WEIGHTS!$D$3 -> 0.89737991 | H25: =NORMALIZED_DATA!G18*TIER_WEIGHTS!$D$9 -> 1.0588235 | I25: =NORMALIZED_DATA!H18*TIER_WEIGHTS!$D$14 -> 0.33333333 | J25: =NORMALIZED_DATA!L18*TIER_WEIGHTS!$D$4 -> 1.782993 | K25: =NORMALIZED_DATA!Q18*TIER_WEIGHTS!$D$5 -> 1.3560567 | L25: =NORMALIZED_DATA!U18*TIER_WEIGHTS!$D$12 -> 1.3846154 | M25: =NORMALIZED_DATA!V18*TIER_WEIGHTS!$D$15 -> 0.1027937 | N25: =NORMALIZED_DATA!W18*TIER_WEIGHTS!$D$13 -> 0.1826087 | O25: =NORMALIZED_DATA!Y18*TIER_WEIGHTS!$D$6 -> 0.080357143 | P25: =NORMALIZED_DATA!Z18*TIER_WEIGHTS!$D$11 -> 4 | Q25: =NORMALIZED_DATA!AA18*TIER_WEIGHTS!$D$10 -> 0 | R25: =sum(D25:Q25) -> 11.178961
A26: 25 | B26: Ken Stabler | C26: =R26/Weights_by_Category[[#TOTALS],[DOMINANT]] -> 24.19007 | D26: =NORMALIZED_DATA!B26*TIER_WEIGHTS!$D$2 -> 0.42857143 | E26: =NORMALIZED_DATA!C26*TIER_WEIGHTS!$D$8 -> 0.35 | F26: =NORMALIZED_DATA!D26*TIER_WEIGHTS!$D$7 -> 0 | G26: =NORMALIZED_DATA!F26*TIER_WEIGHTS!$D$3 -> 0.43231441 | H26: =NORMALIZED_DATA!G26*TIER_WEIGHTS!$D$9 -> 0.52941176 | I26: =NORMALIZED_DATA!H26*TIER_WEIGHTS!$D$14 -> 0.083333333 | J26: =NORMALIZED_DATA!L26*TIER_WEIGHTS!$D$4 -> 2.0083534 | K26: =NORMALIZED_DATA!Q26*TIER_WEIGHTS!$D$5 -> 2.3838017 | L26: =NORMALIZED_DATA!U26*TIER_WEIGHTS!$D$12 -> 0 | M26: =NORMALIZED_DATA!V26*TIER_WEIGHTS!$D$15 -> 0.0026862464 | N26: =NORMALIZED_DATA!W26*TIER_WEIGHTS!$D$13 -> 0 | O26: =NORMALIZED_DATA!Y26*TIER_WEIGHTS!$D$6 -> 1.0178571 | P26: =NORMALIZED_DATA!Z26*TIER_WEIGHTS!$D$11 -> 1.3333333 | Q26: =NORMALIZED_DATA!AA26*TIER_WEIGHTS!$D$10 -> 1.5659766 | R26: =sum(D26:Q26) -> 10.135639

Sheet MODEL_CLUTCH
A1: # | B1: QB | C1: CLUTCH SCORE | D1: Super Bowls | E1: Playoff Success Score | F1: Super Bowl MVPs | G1: MVP Shares | H1: All-Pro Score | I1: Pro Bowls | J1: Playoff Yards Elevation | K1: Playoff TDs Elevation | L1: Career ANY/A+ | M1: Rush Yards per Game | N1: Negative Play Rate | O1: Peak Score | P1: Dominance Score | Q1: Playoff Elevation Score | R1: TOTAL
A2: 1 | B2: Tom Brady | C2: =R2/Weights_by_Category[[#TOTALS],[CLUTCH]] -> 69.302659 | D2: =NORMALIZED_DATA!B2*TIER_WEIGHTS!$E$2 -> 4.5 | E2: =NORMALIZED_DATA!C2*TIER_WEIGHTS!$E$8 -> 4.5 | F2: =NORMALIZED_DATA!D2*TIER_WEIGHTS!$E$7 -> 6 | G2: =NORMALIZED_DATA!F2*TIER_WEIGHTS!$E$3 -> 1.4148472 | H2: =NORMALIZED_DATA!G2*TIER_WEIGHTS!$E$9 -> 1.5882353 | I2: =NORMALIZED_DATA!H2*TIER_WEIGHTS!$E$14 -> 1 | J2: =NORMALIZED_DATA!M2*TIER_WEIGHTS!$E$4 -> 1.8696696 | K2: =NORMALIZED_DATA!R2*TIER_WEIGHTS!$E$5 -> 1.2430815 | L2: =NORMALIZED_DATA!U2*TIER_WEIGHTS!$E$12 -> 0.96923077 | M2: =NORMALIZED_DATA!V2*TIER_WEIGHTS!$E$15 -> 0.053545845 | N2: =NORMALIZED_DATA!W2*TIER_WEIGHTS!$E$13 -> 1.773913 | O2: =NORMALIZED_DATA!Y2*TIER_WEIGHTS!$E$6 -> 2.1696429 | P2: =NORMALIZED_DATA!Z2*TIER_WEIGHTS!$E$11 -> 1.6666667 | Q2: =NORMALIZED_DATA!AA2*TIER_WEIGHTS!$E$10 -> 3.4076011 | R2: =sum(D2:Q2) -> 32.156434
A3: 2 | B3: Joe Montana | C3: =R3/Weights_by_Category[[#TOTALS],[CLUTCH]] -> 56.470807 | D3: =NORMALIZED_DATA!B3*TIER_WEIGHTS!$E$2 -> 2.5714286 | E3: =NORMALIZED_DATA!C3*TIER_WEIGHTS!$E$8 -> 1.9375 | F3: =NORMALIZED_DATA!D3*TIER_WEIGHTS!$E$7 -> 3.6 | G3: =NORMALIZED_DATA!F3*TIER_WEIGHTS!$E$3 -> 0.64061135 | H3: =NORMALIZED_DATA!G3*TIER_WEIGHTS!$E$9 -> 1.4117647 | I3: =NORMALIZED_DATA!H3*TIER_WEIGHTS!$E$14 -> 0.41666667 | J3: =NORMALIZED_DATA!M3*TIER_WEIGHTS!$E$4 -> 2.9473211 | K3: =NORMALIZED_DATA!R3*TIER_WEIGHTS!$E$5 -> 2.695673 | L3: =NORMALIZED_DATA!U3*TIER_WEIGHTS!$E$12 -> 1.2461538 | M3: =NORMALIZED_DATA!V3*TIER_WEIGHTS!$E$15 -> 0.14989255 | N3: =NORMALIZED_DATA!W3*TIER_WEIGHTS!$E$13 -> 1.7217391 | O3: =NORMALIZED_DATA!Y3*TIER_WEIGHTS!$E$6 -> 1.5535714 | P3: =NORMALIZED_DATA!Z3*TIER_WEIGHTS!$E$11 -> 1 | Q3: =NORMALIZED_DATA!AA3*TIER_WEIGHTS!$E$10 -> 4.3101323 | R3: =sum(D3:Q3) -> 26.202455
A4: 3 | B4: Bart Starr | C4: =R4/Weights_by_Category[[#TOTALS],[CLUTCH]] -> 55.019935 | D4: =NORMALIZED_DATA!B6*TIER_WEIGHTS!$E$2 -> 3.2142857 | E4: =NORMALIZED_DATA!C6*TIER_WEIGHTS!$E$8 -> 0.875 | F4: =NORMALIZED_DATA!D6*TIER_WEIGHTS!$E$7 -> 2.4 | G4: =NORMALIZED_DATA!F6*TIER_WEIGHTS!$E$3 -> 0.1650655 | H4: =NORMALIZED_DATA!G6*TIER_WEIGHTS!$E$9 -> 0.88235294 | I4: =NORMALIZED_DATA!H6*TIER_WEIGHTS!$E$14 -> 0.083333333 | J4: =NORMALIZED_DATA!M6*TIER_WEIGHTS!$E$4 -> 4.5 | K4: =NORMALIZED_DATA!R6*TIER_WEIGHTS!$E$5 -> 4.5 | L4: =NORMALIZED_DATA!U6*TIER_WEIGHTS!$E$12 -> 0.62307692 | M4: =NORMALIZED_DATA!V6*TIER_WEIGHTS!$E$15 -> 0.11300143 | N4: =NORMALIZED_DATA!W6*TIER_WEIGHTS!$E$13 -> 0.76304348 | O4: =NORMALIZED_DATA!Y6*TIER_WEIGHTS!$E$6 -> 0.85714286 | P4: =NORMALIZED_DATA!Z6*TIER_WEIGHTS!$E$11 -> 1 | Q4: =NORMALIZED_DATA!AA6*TIER_WEIGHTS!$E$10 -> 5.5529475 | R4: =sum(D4:Q4) -> 25.52925
A5: 4 | B5: Peyton Manning | C5: =R5/Weights_by_Category[[#TOTALS],[CLUTCH]] -> 50.345823 | D5: =NORMALIZED_DATA!B4*TIER_WEIGHTS!$E$2 -> 1.2857143 | E5: =NORMALIZED_DATA!C4*TIER_WEIGHTS!$E$8 -> 1.8125 | F5: =NORMALIZED_DATA!D4*TIER_WEIGHTS!$E$7 -> 1.2 | G5: =NORMALIZED_DATA!F4*TIER_WEIGHTS!$E$3 -> 1.8 | H5: =NORMALIZED_DATA!G4*TIER_WEIGHTS!$E$9 -> 3 | I5: =NORMALIZED_DATA!H4*TIER_WEIGHTS!$E$14 -> 0.91666667 | J5: =NORMALIZED_DATA!M4*TIER_WEIGHTS!$E$4 -> 1.5337963 | K5: =NORMALIZED_DATA!R4*TIER_WEIGHTS!$E$5 -> 0.53093478 | L5: =NORMALIZED_DATA!U4*TIER_WEIGHTS!$E$12 -> 1.2461538 | M5: =NORMALIZED_DATA!V4*TIER_WEIGHTS!$E$15 -> 0.038502865 | N5: =NORMALIZED_DATA!W4*TIER_WEIGHTS!$E$13 -> 1.4347826 | O5: =NORMALIZED_DATA!Y4*TIER_WEIGHTS!$E$6 -> 2.6785714 | P5: =NORMALIZED_DATA!Z4*TIER_WEIGHTS!$E$11 -> 2.6666667 | Q5: =NORMALIZED_DATA!AA4*TIER_WEIGHTS!$E$10 -> 3.2161724 | R5: =sum(D5:Q5) -> 23.360462
A6: 5 | B6: Patrick Mahomes | C6: =R6/Weights_by_Category[[#TOTALS],[CLUTCH]] -> 48.55998 | D6: =NORMALIZED_DATA!B9*TIER_WEIGHTS!$E$2 -> 1.9285714 | E6: =NORMALIZED_DATA!C9*TIER_WEIGHTS!$E$8 -> 2.25 | F6: =NORMALIZED_DATA!D9*TIER_WEIGHTS!$E$7 -> 3.6 | G6: =NORMALIZED_DATA!F9*TIER_WEIGHTS!$E$3 -> 0.75851528 | H6: =NORMALIZED_DATA!G9*TIER_WEIGHTS!$E$9 -> 0.88235294 | I6: =NORMALIZED_DATA!H9*TIER_WEIGHTS!$E$14 -> 0.25 | J6: =NORMALIZED_DATA!M9*TIER_WEIGHTS!$E$4 -> 1.2727968 | K6: =NORMALIZED_DATA!R9*TIER_WEIGHTS!$E$5 -> 1.541323 | L6: =NORMALIZED_DATA!U9*TIER_WEIGHTS!$E$12 -> 1.0384615 | M6: =NORMALIZED_DATA!V9*TIER_WEIGHTS!$E$15 -> 0.37320917 | N6: =NORMALIZED_DATA!W9*TIER_WEIGHTS!$E$13 -> 1.3826087 | O6: =NORMALIZED_DATA!Y9*TIER_WEIGHTS!$E$6 -> 1.875 | P6: =NORMALIZED_DATA!Z9*TIER_WEIGHTS!$E$11 -> 1.3333333 | Q6: =NORMALIZED_DATA!AA9*TIER_WEIGHTS!$E$10 -> 4.0456587 | R6: =sum(D6:Q6) -> 22.531831
A7: 6 | B7: Terry Bradshaw | C7: =R7/Weights_by_Category[[#TOTALS],[CLUTCH]] -> 46.656604 | D7: =NORMALIZED_DATA!B12*TIER_WEIGHTS!$E$2 -> 2.5714286 | E7: =NORMALIZED_DATA!C12*TIER_WEIGHTS!$E$8 -> 1.75 | F7: =NORMALIZED_DATA!D12*TIER_WEIGHTS!$E$7 -> 2.4 | G7: =NORMALIZED_DATA!F12*TIER_WEIGHTS!$E$3 -> 0.19257642 | H7: =NORMALIZED_DATA!G12*TIER_WEIGHTS!$E$9 -> 0.35294118 | I7: =NORMALIZED_DATA!H12*TIER_WEIGHTS!$E$14 -> 0 | J7: =NORMALIZED_DATA!M12*TIER_WEIGHTS!$E$4 -> 3.1184864 | K7: =NORMALIZED_DATA!R12*TIER_WEIGHTS!$E$5 -> 2.2757895 | L7: =NORMALIZED_DATA!U12*TIER_WEIGHTS!$E$12 -> 0.34615385 | M7: =NORMALIZED_DATA!V12*TIER_WEIGHTS!$E$15 -> 0.23352436 | N7: =NORMALIZED_DATA!W12*TIER_WEIGHTS!$E$13 -> 0.44347826 | O7: =NORMALIZED_DATA!Y12*TIER_WEIGHTS!$E$6 -> 0.96428571 | P7: =NORMALIZED_DATA!Z12*TIER_WEIGHTS!$E$11 -> 1 | Q7: =NORMALIZED_DATA!AA12*TIER_WEIGHTS!$E$10 -> 6 | R7: =sum(D7:Q7) -> 21.648664
A8: 7 | B8: Steve Young | C8: =R8/Weights_by_Category[[#TOTALS],[CLUTCH]] -> 45.999887 | D8: =NORMALIZED_DATA!B13*TIER_WEIGHTS!$E$2 -> 0.64285714 | E8: =NORMALIZED_DATA!C13*TIER_WEIGHTS!$E$8 -> 1.75 | F8: =NORMALIZED_DATA!D13*TIER_WEIGHTS!$E$7 -> 1.2 | G8: =NORMALIZED_DATA!F13*TIER_WEIGHTS!$E$3 -> 0.69956332 | H8: =NORMALIZED_DATA!G13*TIER_WEIGHTS!$E$9 -> 1.5882353 | I8: =NORMALIZED_DATA!H13*TIER_WEIGHTS!$E$14 -> 0.33333333 | J8: =NORMALIZED_DATA!M13*TIER_WEIGHTS!$E$4 -> 2.5459144 | K8: =NORMALIZED_DATA!R13*TIER_WEIGHTS!$E$5 -> 1.4003674 | L8: =NORMALIZED_DATA!U13*TIER_WEIGHTS!$E$12 -> 1.3846154 | M8: =NORMALIZED_DATA!V13*TIER_WEIGHTS!$E$15 -> 0.44305158 | N8: =NORMALIZED_DATA!W13*TIER_WEIGHTS!$E$13 -> 1.0956522 | O8: =NORMALIZED_DATA!Y13*TIER_WEIGHTS!$E$6 -> 3 | P8: =NORMALIZED_DATA!Z13*TIER_WEIGHTS!$E$11 -> 2 | Q8: =NORMALIZED_DATA!AA13*TIER_WEIGHTS!$E$10 -> 3.2603578 | R8: =sum(D8:Q8) -> 21.343948
A9: 8 | B9: Otto Graham | C9: =R9/Weights_by_Category[[#TOTALS],[CLUTCH]] -> 44.908805 | D9: =NORMALIZED_DATA!B16*TIER_WEIGHTS!$E$2 -> 4.5 | E9: =NORMALIZED_DATA!C16*TIER_WEIGHTS!$E$8 -> 0.5 | F9: =NORMALIZED_DATA!D16*TIER_WEIGHTS!$E$7 -> 0 | G9: =NORMALIZED_DATA!F16*TIER_WEIGHTS!$E$3 -> 0.82925764 | H9: =NORMALIZED_DATA!G16*TIER_WEIGHTS!$E$9 -> 1.7647059 | I9: =NORMALIZED_DATA!H16*TIER_WEIGHTS!$E$14 -> 0.16666667 | J9: =NORMALIZED_DATA!M16*TIER_WEIGHTS!$E$4 -> 0.99928114 | K9: =NORMALIZED_DATA!R16*TIER_WEIGHTS!$E$5 -> 0.92571637 | L9: =NORMALIZED_DATA!U16*TIER_WEIGHTS!$E$12 -> 1.8 | M9: =NORMALIZED_DATA!V16*TIER_WEIGHTS!$E$15 -> 0.11891117 | N9: =NORMALIZED_DATA!W16*TIER_WEIGHTS!$E$13 -> 1.773913 | O9: =NORMALIZED_DATA!Y16*TIER_WEIGHTS!$E$6 -> 2.7857143 | P9: =NORMALIZED_DATA!Z16*TIER_WEIGHTS!$E$11 -> 2.6666667 | Q9: =NORMALIZED_DATA!AA16*TIER_WEIGHTS!$E$10 -> 2.0068526 | R9: =sum(D9:Q9) -> 20.837685
A10: 9 | B10: Aaron Rodgers | C10: =R10/Weights_by_Category[[#TOTALS],[CLUTCH]] -> 43.104019 | D10: =NORMALIZED_DATA!B7*TIER_WEIGHTS!$E$2 -> 0.64285714 | E10: =NORMALIZED_DATA!C7*TIER_WEIGHTS!$E$8 -> 1.25 | F10: =NORMALIZED_DATA!D7*TIER_WEIGHTS!$E$7 -> 1.2 | G10: =NORMALIZED_DATA!F7*TIER_WEIGHTS!$E$3 -> 1.289083 | H10: =NORMALIZED_DATA!G7*TIER_WEIGHTS!$E$9 -> 1.5882353 | I10: =NORMALIZED_DATA!H7*TIER_WEIGHTS!$E$14 -> 0.58333333 | J10: =NORMALIZED_DATA!M7*TIER_WEIGHTS!$E$4 -> 1.852532 | K10: =NORMALIZED_DATA!R7*TIER_WEIGHTS!$E$5 -> 1.3650809 | L10: =NORMALIZED_DATA!U7*TIER_WEIGHTS!$E$12 -> 0.9 | M10: =NORMALIZED_DATA!V7*TIER_WEIGHTS!$E$15 -> 0.24068768 | N10: =NORMALIZED_DATA!W7*TIER_WEIGHTS!$E$13 -> 1.4869565 | O10: =NORMALIZED_DATA!Y7*TIER_WEIGHTS!$E$6 -> 2.2767857 | P10: =NORMALIZED_DATA!Z7*TIER_WEIGHTS!$E$11 -> 1.6666667 | Q10: =NORMALIZED_DATA!AA7*TIER_WEIGHTS!$E$10 -> 3.6580467 | R10: =sum(D10:Q10) -> 20.000265
A11: 10 | B11: Sammy Baugh | C11: =R11/Weights_by_Category[[#TOTALS],[CLUTCH]] -> 42.79537 | D11: =NORMALIZED_DATA!B23*TIER_WEIGHTS!$E$2 -> 1.2857143 | E11: =NORMALIZED_DATA!C23*TIER_WEIGHTS!$E$8 -> 0.25 | F11: =NORMALIZED_DATA!D23*TIER_WEIGHTS!$E$7 -> 0 | G11: =NORMALIZED_DATA!F23*TIER_WEIGHTS!$E$3 -> 0 | H11: =NORMALIZED_DATA!G23*TIER_WEIGHTS!$E$9 -> 2.1176471 | I11: =NORMALIZED_DATA!H23*TIER_WEIGHTS!$E$14 -> 0.25 | J11: =NORMALIZED_DATA!M23*TIER_WEIGHTS!$E$4 -> 1.931277 | K11: =NORMALIZED_DATA!R23*TIER_WEIGHTS!$E$5 -> 1.5799627 | L11: =NORMALIZED_DATA!U23*TIER_WEIGHTS!$E$12 -> 1.1769231 | M11: =NORMALIZED_DATA!V23*TIER_WEIGHTS!$E$15 -> 0.028474212 | N11: =NORMALIZED_DATA!W23*TIER_WEIGHTS!$E$13 -> 1.8 | O11: =NORMALIZED_DATA!Y23*TIER_WEIGHTS!$E$6 -> 1.96875 | P11: =NORMALIZED_DATA!Z23*TIER_WEIGHTS!$E$11 -> 3 | Q11: =NORMALIZED_DATA!AA23*TIER_WEIGHTS!$E$10 -> 4.4683032 | R11: =sum(D11:Q11) -> 19.857052
A12: 11 | B12: Drew Brees | C12: =R12/Weights_by_Category[[#TOTALS],[CLUTCH]] -> 39.411194 | D12: =NORMALIZED_DATA!B5*TIER_WEIGHTS!$E$2 -> 0.64285714 | E12: =NORMALIZED_DATA!C5*TIER_WEIGHTS!$E$8 -> 0.875 | F12: =NORMALIZED_DATA!D5*TIER_WEIGHTS!$E$7 -> 1.2 | G12: =NORMALIZED_DATA!F5*TIER_WEIGHTS!$E$3 -> 0.1768559 | H12: =NORMALIZED_DATA!G5*TIER_WEIGHTS!$E$9 -> 1.0588235 | I12: =NORMALIZED_DATA!H5*TIER_WEIGHTS!$E$14 -> 0.83333333 | J12: =NORMALIZED_DATA!M5*TIER_WEIGHTS!$E$4 -> 1.9943741 | K12: =NORMALIZED_DATA!R5*TIER_WEIGHTS!$E$5 -> 1.5484932 | L12: =NORMALIZED_DATA!U5*TIER_WEIGHTS!$E$12 -> 0.96923077 | M12: =NORMALIZED_DATA!V5*TIER_WEIGHTS!$E$15 -> 0.040472779 | N12: =NORMALIZED_DATA!W5*TIER_WEIGHTS!$E$13 -> 1.4086957 | O12: =NORMALIZED_DATA!Y5*TIER_WEIGHTS!$E$6 -> 1.3660714 | P12: =NORMALIZED_DATA!Z5*TIER_WEIGHTS!$E$11 -> 2.3333333 | Q12: =NORMALIZED_DATA!AA5*TIER_WEIGHTS!$E$10 -> 3.839253 | R12: =sum(D12:Q12) -> 18.286794
A13: 12 | B13: Dan Fouts | C13: =R13/Weights_by_Category[[#TOTALS],[CLUTCH]] -> 38.129379 | D13: =NORMALIZED_DATA!B20*TIER_WEIGHTS!$E$2 -> 0 | E13: =NORMALIZED_DATA!C20*TIER_WEIGHTS!$E$8 -> 0.3125 | F13: =NORMALIZED_DATA!D20*TIER_WEIGHTS!$E$7 -> 0 | G13: =NORMALIZED_DATA!F20*TIER_WEIGHTS!$E$3 -> 0.29868996 | H13: =NORMALIZED_DATA!G20*TIER_WEIGHTS!$E$9 -> 1.0588235 | I13: =NORMALIZED_DATA!H20*TIER_WEIGHTS!$E$14 -> 0.25 | J13: =NORMALIZED_DATA!M20*TIER_WEIGHTS!$E$4 -> 3.6266476 | K13: =NORMALIZED_DATA!R20*TIER_WEIGHTS!$E$5 -> 2.1676231 | L13: =NORMALIZED_DATA!U20*TIER_WEIGHTS!$E$12 -> 1.0384615 | M13: =NORMALIZED_DATA!V20*TIER_WEIGHTS!$E$15 -> 0.040651862 | N13: =NORMALIZED_DATA!W20*TIER_WEIGHTS!$E$13 -> 1.1217391 | O13: =NORMALIZED_DATA!Y20*TIER_WEIGHTS!$E$6 -> 2.2232143 | P13: =NORMALIZED_DATA!Z20*TIER_WEIGHTS!$E$11 -> 2.3333333 | Q13: =NORMALIZED_DATA!AA20*TIER_WEIGHTS!$E$10 -> 3.2203475 | R13: =sum(D13:Q13) -> 17.692032
A14: 13 | B14: Kurt Warner | C14: =R14/Weights_by_Category[[#TOTALS],[CLUTCH]] -> 37.849279 | D14: =NORMALIZED_DATA!B22*TIER_WEIGHTS!$E$2 -> 0.64285714 | E14: =NORMALIZED_DATA!C22*TIER_WEIGHTS!$E$8 -> 1.25 | F14: =NORMALIZED_DATA!D22*TIER_WEIGHTS!$E$7 -> 1.2 | G14: =NORMALIZED_DATA!F22*TIER_WEIGHTS!$E$3 -> 0.43624454 | H14: =NORMALIZED_DATA!G22*TIER_WEIGHTS!$E$9 -> 0.70588235 | I14: =NORMALIZED_DATA!H22*TIER_WEIGHTS!$E$14 -> 0.083333333 | J14: =NORMALIZED_DATA!M22*TIER_WEIGHTS!$E$4 -> 2.771803 | K14: =NORMALIZED_DATA!R22*TIER_WEIGHTS!$E$5 -> 2.8166217 | L14: =NORMALIZED_DATA!U22*TIER_WEIGHTS!$E$12 -> 0.96923077 | M14: =NORMALIZED_DATA!V22*TIER_WEIGHTS!$E$15 -> 0.034921203 | N14: =NORMALIZED_DATA!W22*TIER_WEIGHTS!$E$13 -> 0.6 | O14: =NORMALIZED_DATA!Y22*TIER_WEIGHTS!$E$6 -> 0 | P14: =NORMALIZED_DATA!Z22*TIER_WEIGHTS!$E$11 -> 1 | Q14: =NORMALIZED_DATA!AA22*TIER_WEIGHTS!$E$10 -> 5.0511715 | R14: =sum(D14:Q14) -> 17.562066
A15: 14 | B15: Brett Favre | C15: =R15/Weights_by_Category[[#TOTALS],[CLUTCH]] -> 35.846768 | D15: =NORMALIZED_DATA!B17*TIER_WEIGHTS!$E$2 -> 0.64285714 | E15: =NORMALIZED_DATA!C17*TIER_WEIGHTS!$E$8 -> 1.4375 | F15: =NORMALIZED_DATA!D17*TIER_WEIGHTS!$E$7 -> 0 | G15: =NORMALIZED_DATA!F17*TIER_WEIGHTS!$E$3 -> 0.85283843 | H15: =NORMALIZED_DATA!G17*TIER_WEIGHTS!$E$9 -> 1.5882353 | I15: =NORMALIZED_DATA!H17*TIER_WEIGHTS!$E$14 -> 0.66666667 | J15: =NORMALIZED_DATA!M17*TIER_WEIGHTS!$E$4 -> 1.6941686 | K15: =NORMALIZED_DATA!R17*TIER_WEIGHTS!$E$5 -> 1.7283618 | L15: =NORMALIZED_DATA!U17*TIER_WEIGHTS!$E$12 -> 0.41538462 | M15: =NORMALIZED_DATA!V17*TIER_WEIGHTS!$E$15 -> 0.10297278 | N15: =NORMALIZED_DATA!W17*TIER_WEIGHTS!$E$13 -> 0.75652174 | O15: =NORMALIZED_DATA!Y17*TIER_WEIGHTS!$E$6 -> 0.83035714 | P15: =NORMALIZED_DATA!Z17*TIER_WEIGHTS!$E$11 -> 1.6666667 | Q15: =NORMALIZED_DATA!AA17*TIER_WEIGHTS!$E$10 -> 4.2503693 | R15: =sum(D15:Q15) -> 16.6329
A16: 15 | B16: Dan Marino | C16: =R16/Weights_by_Category[[#TOTALS],[CLUTCH]] -> 35.541596 | D16: =NORMALIZED_DATA!B10*TIER_WEIGHTS!$E$2 -> 0 | E16: =NORMALIZED_DATA!C10*TIER_WEIGHTS!$E$8 -> 0.875 | F16: =NORMALIZED_DATA!D10*TIER_WEIGHTS!$E$7 -> 0 | G16: =NORMALIZED_DATA!F10*TIER_WEIGHTS!$E$3 -> 0.30262009 | H16: =NORMALIZED_DATA!G10*TIER_WEIGHTS!$E$9 -> 1.5882353 | I16: =NORMALIZED_DATA!H10*TIER_WEIGHTS!$E$14 -> 0.5 | J16: =NORMALIZED_DATA!M10*TIER_WEIGHTS!$E$4 -> 1.4057488 | K16: =NORMALIZED_DATA!R10*TIER_WEIGHTS!$E$5 -> 1.5079807 | L16: =NORMALIZED_DATA!U10*TIER_WEIGHTS!$E$12 -> 1.1769231 | M16: =NORMALIZED_DATA!V10*TIER_WEIGHTS!$E$15 -> 0 | N16: =NORMALIZED_DATA!W10*TIER_WEIGHTS!$E$13 -> 1.6956522 | O16: =NORMALIZED_DATA!Y10*TIER_WEIGHTS!$E$6 -> 2.4107143 | P16: =NORMALIZED_DATA!Z10*TIER_WEIGHTS!$E$11 -> 2 | Q16: =NORMALIZED_DATA!AA10*TIER_WEIGHTS!$E$10 -> 3.0284264 | R16: =sum(D16:Q16) -> 16.491301
A17: 16 | B17: Ken Stabler | C17: =R17/Weights_by_Category[[#TOTALS],[CLUTCH]] -> 34.762482 | D17: =NORMALIZED_DATA!B26*TIER_WEIGHTS!$E$2 -> 0.64285714 | E17: =NORMALIZED_DATA!C26*TIER_WEIGHTS!$E$8 -> 0.875 | F17: =NORMALIZED_DATA!D26*TIER_WEIGHTS!$E$7 -> 0 | G17: =NORMALIZED_DATA!F26*TIER_WEIGHTS!$E$3 -> 0.25938865 | H17: =NORMALIZED_DATA!G26*TIER_WEIGHTS!$E$9 -> 0.52941176 | I17: =NORMALIZED_DATA!H26*TIER_WEIGHTS!$E$14 -> 0.083333333 | J17: =NORMALIZED_DATA!M26*TIER_WEIGHTS!$E$4 -> 4.1031076 | K17: =NORMALIZED_DATA!R26*TIER_WEIGHTS!$E$5 -> 2.7295609 | L17: =NORMALIZED_DATA!U26*TIER_WEIGHTS!$E$12 -> 0 | M17: =NORMALIZED_DATA!V26*TIER_WEIGHTS!$E$15 -> 0.0026862464 | N17: =NORMALIZED_DATA!W26*TIER_WEIGHTS!$E$13 -> 0 | O17: =NORMALIZED_DATA!Y26*TIER_WEIGHTS!$E$6 -> 1.0178571 | P17: =NORMALIZED_DATA!Z26*TIER_WEIGHTS!$E$11 -> 0.66666667 | Q17: =NORMALIZED_DATA!AA26*TIER_WEIGHTS!$E$10 -> 5.2199221 | R17: =sum(D17:Q17) -> 16.129792
A18: 17 | B18: John Elway | C18: =R18/Weights_by_Category[[#TOTALS],[CLUTCH]] -> 33.25665 | D18: =NORMALIZED_DATA!B11*TIER_WEIGHTS!$E$2 -> 1.2857143 | E18: =NORMALIZED_DATA!C11*TIER_WEIGHTS!$E$8 -> 2.0625 | F18: =NORMALIZED_DATA!D11*TIER_WEIGHTS!$E$7 -> 1.2 | G18: =NORMALIZED_DATA!F11*TIER_WEIGHTS!$E$3 -> 0.37336245 | H18: =NORMALIZED_DATA!G11*TIER_WEIGHTS!$E$9 -> 0.52941176 | I18: =NORMALIZED_DATA!H11*TIER_WEIGHTS!$E$14 -> 0.5 | J18: =NORMALIZED_DATA!M11*TIER_WEIGHTS!$E$4 -> 1.6927333 | K18: =NORMALIZED_DATA!R11*TIER_WEIGHTS!$E$5 -> 1.3017145 | L18: =NORMALIZED_DATA!U11*TIER_WEIGHTS!$E$12 -> 0.27692308 | M18: =NORMALIZED_DATA!V11*TIER_WEIGHTS!$E$15 -> 0.25501433 | N18: =NORMALIZED_DATA!W11*TIER_WEIGHTS!$E$13 -> 1.0173913 | O18: =NORMALIZED_DATA!Y11*TIER_WEIGHTS!$E$6 -> 0.40178571 | P18: =NORMALIZED_DATA!Z11*TIER_WEIGHTS!$E$11 -> 0 | Q18: =NORMALIZED_DATA!AA11*TIER_WEIGHTS!$E$10 -> 4.5345349 | R18: =sum(D18:Q18) -> 15.431086
A19: 18 | B19: Roger Staubach | C19: =R19/Weights_by_Category[[#TOTALS],[CLUTCH]] -> 31.058044 | D19: =NORMALIZED_DATA!B14*TIER_WEIGHTS!$E$2 -> 1.2857143 | E19: =NORMALIZED_DATA!C14*TIER_WEIGHTS!$E$8 -> 2 | F19: =NORMALIZED_DATA!D14*TIER_WEIGHTS!$E$7 -> 1.2 | G19: =NORMALIZED_DATA!F14*TIER_WEIGHTS!$E$3 -> 0.094323144 | H19: =NORMALIZED_DATA!G14*TIER_WEIGHTS!$E$9 -> 0.17647059 | I19: =NORMALIZED_DATA!H14*TIER_WEIGHTS!$E$14 -> 0.25 | J19: =NORMALIZED_DATA!M14*TIER_WEIGHTS!$E$4 -> 0 | K19: =NORMALIZED_DATA!R14*TIER_WEIGHTS!$E$5 -> 1.516798 | L19: =NORMALIZED_DATA!U14*TIER_WEIGHTS!$E$12 -> 1.1076923 | M19: =NORMALIZED_DATA!V14*TIER_WEIGHTS!$E$15 -> 0.30336676 | N19: =NORMALIZED_DATA!W14*TIER_WEIGHTS!$E$13 -> 1.0956522 | O19: =NORMALIZED_DATA!Y14*TIER_WEIGHTS!$E$6 -> 1.5803571 | P19: =NORMALIZED_DATA!Z14*TIER_WEIGHTS!$E$11 -> 1.3333333 | Q19: =NORMALIZED_DATA!AA14*TIER_WEIGHTS!$E$10 -> 2.4672248 | R19: =sum(D19:Q19) -> 14.410933
A20: 19 | B20: Johnny Unitas | C20: =R20/Weights_by_Category[[#TOTALS],[CLUTCH]] -> 30.483552 | D20: =NORMALIZED_DATA!B8*TIER_WEIGHTS!$E$2 -> 1.9285714 | E20: =NORMALIZED_DATA!C8*TIER_WEIGHTS!$E$8 -> 0.5 | F20: =NORMALIZED_DATA!D8*TIER_WEIGHTS!$E$7 -> 0 | G20: =NORMALIZED_DATA!F8*TIER_WEIGHTS!$E$3 -> 1.0965065 | H20: =NORMALIZED_DATA!G8*TIER_WEIGHTS!$E$9 -> 2.2941176 | I20: =NORMALIZED_DATA!H8*TIER_WEIGHTS!$E$14 -> 0.58333333 | J20: =NORMALIZED_DATA!M8*TIER_WEIGHTS!$E$4 -> 1.2586627 | K20: =NORMALIZED_DATA!R8*TIER_WEIGHTS!$E$5 -> 0 | L20: =NORMALIZED_DATA!U8*TIER_WEIGHTS!$E$12 -> 0.34615385 | M20: =NORMALIZED_DATA!V8*TIER_WEIGHTS!$E$15 -> 0.14434097 | N20: =NORMALIZED_DATA!W8*TIER_WEIGHTS!$E$13 -> 1.0513043 | O20: =NORMALIZED_DATA!Y8*TIER_WEIGHTS!$E$6 -> 1.1785714 | P20: =NORMALIZED_DATA!Z8*TIER_WEIGHTS!$E$11 -> 1.3333333 | Q20: =NORMALIZED_DATA!AA8*TIER_WEIGHTS!$E$10 -> 2.4294725 | R20: =sum(D20:Q20) -> 14.144368
A21: 20 | B21: Warren Moon | C21: =R21/Weights_by_Category[[#TOTALS],[CLUTCH]] -> 27.835797 | D21: =NORMALIZED_DATA!B24*TIER_WEIGHTS!$E$2 -> 0 | E21: =NORMALIZED_DATA!C24*TIER_WEIGHTS!$E$8 -> 0.1875 | F21: =NORMALIZED_DATA!D24*TIER_WEIGHTS!$E$7 -> 0 | G21: =NORMALIZED_DATA!F24*TIER_WEIGHTS!$E$3 -> 0.094323144 | H21: =NORMALIZED_DATA!G24*TIER_WEIGHTS!$E$9 -> 0.17647059 | I21: =NORMALIZED_DATA!H24*TIER_WEIGHTS!$E$14 -> 0.5 | J21: =NORMALIZED_DATA!M24*TIER_WEIGHTS!$E$4 -> 3.116758 | K21: =NORMALIZED_DATA!R24*TIER_WEIGHTS!$E$5 -> 2.1438792 | L21: =NORMALIZED_DATA!U24*TIER_WEIGHTS!$E$12 -> 0.27692308 | M21: =NORMALIZED_DATA!V24*TIER_WEIGHTS!$E$15 -> 0.14308739 | N21: =NORMALIZED_DATA!W24*TIER_WEIGHTS!$E$13 -> 0.7826087 | O21: =NORMALIZED_DATA!Y24*TIER_WEIGHTS!$E$6 -> 0.91071429 | P21: =NORMALIZED_DATA!Z24*TIER_WEIGHTS!$E$11 -> 0.66666667 | Q21: =NORMALIZED_DATA!AA24*TIER_WEIGHTS!$E$10 -> 3.9168788 | R21: =sum(D21:Q21) -> 12.91581
A22: 21 | B22: Lamar Jackson | C22: =R22/Weights_by_Category[[#TOTALS],[CLUTCH]] -> 25.135157 | D22: =NORMALIZED_DATA!B21*TIER_WEIGHTS!$E$2 -> 0 | E22: =NORMALIZED_DATA!C21*TIER_WEIGHTS!$E$8 -> 0.25 | F22: =NORMALIZED_DATA!D21*TIER_WEIGHTS!$E$7 -> 0 | G22: =NORMALIZED_DATA!F21*TIER_WEIGHTS!$E$3 -> 1.0650655 | H22: =NORMALIZED_DATA!G21*TIER_WEIGHTS!$E$9 -> 1.0588235 | I22: =NORMALIZED_DATA!H21*TIER_WEIGHTS!$E$14 -> 0.083333333 | J22: =NORMALIZED_DATA!M21*TIER_WEIGHTS!$E$4 -> 2.4525384 | K22: =NORMALIZED_DATA!R21*TIER_WEIGHTS!$E$5 -> 0.68827785 | L22: =NORMALIZED_DATA!U21*TIER_WEIGHTS!$E$12 -> 0.96923077 | M22: =NORMALIZED_DATA!V21*TIER_WEIGHTS!$E$15 -> 1 | N22: =NORMALIZED_DATA!W21*TIER_WEIGHTS!$E$13 -> 0.80869565 | O22: =NORMALIZED_DATA!Y21*TIER_WEIGHTS!$E$6 -> 0.53571429 | P22: =NORMALIZED_DATA!Z21*TIER_WEIGHTS!$E$11 -> 0.33333333 | Q22: =NORMALIZED_DATA!AA21*TIER_WEIGHTS!$E$10 -> 2.4177001 | R22: =sum(D22:Q22) -> 11.662713
A23: 22 | B23: Ben Roethlisberger | C23: =R23/Weights_by_Category[[#TOTALS],[CLUTCH]] -> 25.011824 | D23: =NORMALIZED_DATA!B19*TIER_WEIGHTS!$E$2 -> 1.2857143 | E23: =NORMALIZED_DATA!C19*TIER_WEIGHTS!$E$8 -> 1.5625 | F23: =NORMALIZED_DATA!D19*TIER_WEIGHTS!$E$7 -> 0 | G23: =NORMALIZED_DATA!F19*TIER_WEIGHTS!$E$3 -> 0 | H23: =NORMALIZED_DATA!G19*TIER_WEIGHTS!$E$9 -> 0 | I23: =NORMALIZED_DATA!H19*TIER_WEIGHTS!$E$14 -> 0.25 | J23: =NORMALIZED_DATA!M19*TIER_WEIGHTS!$E$4 -> 1.5655827 | K23: =NORMALIZED_DATA!R19*TIER_WEIGHTS!$E$5 -> 1.2139117 | L23: =NORMALIZED_DATA!U19*TIER_WEIGHTS!$E$12 -> 0.48461538 | M23: =NORMALIZED_DATA!V19*TIER_WEIGHTS!$E$15 -> 0.092227794 | N23: =NORMALIZED_DATA!W19*TIER_WEIGHTS!$E$13 -> 0.73043478 | O23: =NORMALIZED_DATA!Y19*TIER_WEIGHTS!$E$6 -> 0.32142857 | P23: =NORMALIZED_DATA!Z19*TIER_WEIGHTS!$E$11 -> 0.66666667 | Q23: =NORMALIZED_DATA!AA19*TIER_WEIGHTS!$E$10 -> 3.4324045 | R23: =sum(D23:Q23) -> 11.605486
A24: 23 | B24: Jim Kelly | C24: =R24/Weights_by_Category[[#TOTALS],[CLUTCH]] -> 22.710714 | D24: =NORMALIZED_DATA!B25*TIER_WEIGHTS!$E$2 -> 0 | E24: =NORMALIZED_DATA!C25*TIER_WEIGHTS!$E$8 -> 1.5625 | F24: =NORMALIZED_DATA!D25*TIER_WEIGHTS!$E$7 -> 0 | G24: =NORMALIZED_DATA!F25*TIER_WEIGHTS!$E$3 -> 0.11004367 | H24: =NORMALIZED_DATA!G25*TIER_WEIGHTS!$E$9 -> 0.52941176 | I24: =NORMALIZED_DATA!H25*TIER_WEIGHTS!$E$14 -> 0.16666667 | J24: =NORMALIZED_DATA!M25*TIER_WEIGHTS!$E$4 -> 1.687759 | K24: =NORMALIZED_DATA!R25*TIER_WEIGHTS!$E$5 -> 0.89251404 | L24: =NORMALIZED_DATA!U25*TIER_WEIGHTS!$E$12 -> 0.48461538 | M24: =NORMALIZED_DATA!V25*TIER_WEIGHTS!$E$15 -> 0.11103152 | N24: =NORMALIZED_DATA!W25*TIER_WEIGHTS!$E$13 -> 0.57391304 | O24: =NORMALIZED_DATA!Y25*TIER_WEIGHTS!$E$6 -> 0.66964286 | P24: =NORMALIZED_DATA!Z25*TIER_WEIGHTS!$E$11 -> 0.66666667 | Q24: =NORMALIZED_DATA!AA25*TIER_WEIGHTS!$E$10 -> 3.0830068 | R24: =sum(D24:Q24) -> 10.537771
A25: 24 | B25: Fran Tarkenton | C25: =R25/Weights_by_Category[[#TOTALS],[CLUTCH]] -> 19.731829 | D25: =NORMALIZED_DATA!B15*TIER_WEIGHTS!$E$2 -> 0 | E25: =NORMALIZED_DATA!C15*TIER_WEIGHTS!$E$8 -> 1.125 | F25: =NORMALIZED_DATA!D15*TIER_WEIGHTS!$E$7 -> 0 | G25: =NORMALIZED_DATA!F15*TIER_WEIGHTS!$E$3 -> 0.015720524 | H25: =NORMALIZED_DATA!G15*TIER_WEIGHTS!$E$9 -> 0.52941176 | I25: =NORMALIZED_DATA!H15*TIER_WEIGHTS!$E$14 -> 0.5 | J25: =NORMALIZED_DATA!M15*TIER_WEIGHTS!$E$4 -> 0.4012298 | K25: =NORMALIZED_DATA!R15*TIER_WEIGHTS!$E$5 -> 0.49889147 | L25: =NORMALIZED_DATA!U15*TIER_WEIGHTS!$E$12 -> 0.69230769 | M25: =NORMALIZED_DATA!V15*TIER_WEIGHTS!$E$15 -> 0.26038682 | N25: =NORMALIZED_DATA!W15*TIER_WEIGHTS!$E$13 -> 1.2782609 | O25: =NORMALIZED_DATA!Y15*TIER_WEIGHTS!$E$6 -> 1.1517857 | P25: =NORMALIZED_DATA!Z15*TIER_WEIGHTS!$E$11 -> 0.66666667 | Q25: =NORMALIZED_DATA!AA15*TIER_WEIGHTS!$E$10 -> 2.0359071 | R25: =sum(D25:Q25) -> 9.1555685
A26: 25 | B26: YA Tittle | C26: =R26/Weights_by_Category[[#TOTALS],[CLUTCH]] -> 15.715918 | D26: =NORMALIZED_DATA!B18*TIER_WEIGHTS!$E$2 -> 0 | E26: =NORMALIZED_DATA!C18*TIER_WEIGHTS!$E$8 -> 0 | F26: =NORMALIZED_DATA!D18*TIER_WEIGHTS!$E$7 -> 0 | G26: =NORMALIZED_DATA!F18*TIER_WEIGHTS!$E$3 -> 0.53842795 | H26: =NORMALIZED_DATA!G18*TIER_WEIGHTS!$E$9 -> 1.0588235 | I26: =NORMALIZED_DATA!H18*TIER_WEIGHTS!$E$14 -> 0.33333333 | J26: =NORMALIZED_DATA!M18*TIER_WEIGHTS!$E$4 -> 2.0998556 | K26: =NORMALIZED_DATA!R18*TIER_WEIGHTS!$E$5 -> 0.34213984 | L26: =NORMALIZED_DATA!U18*TIER_WEIGHTS!$E$12 -> 0.55384615 | M26: =NORMALIZED_DATA!V18*TIER_WEIGHTS!$E$15 -> 0.1027937 | N26: =NORMALIZED_DATA!W18*TIER_WEIGHTS!$E$13 -> 0.1826087 | O26: =NORMALIZED_DATA!Y18*TIER_WEIGHTS!$E$6 -> 0.080357143 | P26: =NORMALIZED_DATA!Z18*TIER_WEIGHTS!$E$11 -> 2 | Q26: =NORMALIZED_DATA!AA18*TIER_WEIGHTS!$E$10 -> 0 | R26: =sum(D26:Q26) -> 7.2921859

Sheet Appendix Sheets

Sheet RAW_DATA
A1: Quarterback | B1: Super Bowl Wins | C1: Conference Championship Wins | D1: Divisional Round Wins | E1: Wild Card Wins | F1: Playoff Success Score | G1: Super Bowl MVPs | H1: MVP Shares | I1: First Team All-Pros | J1: Second Team All-Pros | K1: All-Pro Score | L1: Pro Bowls | M1: Career Yards | N1: Yards per Season | O1: Adjusted Yards per Season | P1: Career Yards per Game | Q1: Playoff Yards per Game | R1: Playoff Yards Elevation | S1: Career Touchdowns | T1: Touchdowns per Season | U1: Adjusted TDs per Season | V1: Career Touchdowns per Game | W1: Playoff TDs per Game | X1: Playoff TDs Elevation | Y1: Career ANY/A | Z1: Rush Yards per Game | AA1: Negative Play Rate | AB1: Peak Score | AC1: Dominance Score | AD1: Playoff Elevation Score | AE1: Career Games | AF1: Career Attempts | AG1: PFR AV
A2: Tom Brady | B2: 7 | C2: 10 | D2: 14 | E2: 4 | F2: =(C2)+(D2*0.5)+(E2*0.25) -> 18 | G2: 5 | H2: 3.6 | I2: 3 | J2: 3 | K2: =I2+(J2*0.5) -> 4.5 | L2: 15 | M2: 89214 | N2: 4527 | O2: =AVERAGEIFS(DATA_QB_SEASONS!K:K,DATA_QB_SEASONS!A:A,A2)*100 -> 117.8416 | P2: 266.3 | Q2: 279.2 | R2: =Q2/P2 -> 1.0484416 | S2: 649 | T2: 33 | U2: =AVERAGEIFS(DATA_QB_SEASONS!L:L,DATA_QB_SEASONS!A:A,A2)*100 -> 131.15318 | V2: 1.94 | W2: 1.83 | X2: =W2/V2 -> 0.94329897 | Y2: 116 | Z2: 3.35 | AA2: 115.33333 | AB2: 128.4 | AC2: 5 | AD2: 0.90934844 | AE2: 335 | AF2: 12050 | AG2: 326
A3: Joe Montana | B3: 4 | C3: 4 | D3: 7 | E3: 1 | F3: =(C3)+(D3*0.5)+(E3*0.25) -> 7.75 | G3: 3 | H3: 1.63 | I3: 3 | J3: 2 | K3: =I3+(J3*0.5) -> 4 | L3: 8 | M3: 40551 | N3: 3590 | O3: =AVERAGEIFS(DATA_QB_SEASONS!K:K,DATA_QB_SEASONS!A:A,A3)*100 -> 100.58352 | P3: 211.2 | Q3: 251 | R3: =Q3/P3 -> 1.188447 | S3: 273 | T3: 24 | U3: =AVERAGEIFS(DATA_QB_SEASONS!L:L,DATA_QB_SEASONS!A:A,A3)*100 -> 103.7386 | V3: 1.42 | W3: 1.96 | X3: =W3/V3 -> 1.3802817 | Y3: 120 | Z3: 8.73 | AA3: 114.66667 | AB3: 123.8 | AC3: 3 | AD3: 1.0606061 | AE3: 192 | AF3: 5391 | AG3: 166
A4: Peyton Manning | B4: 2 | C4: 4 | D4: 5 | E4: 3 | F4: =(C4)+(D4*0.5)+(E4*0.25) -> 7.25 | G4: 1 | H4: 4.58 | I4: 7 | J4: 3 | K4: =I4+(J4*0.5) -> 8.5 | L4: 14 | M4: 71940 | N4: 4598 | O4: =AVERAGEIFS(DATA_QB_SEASONS!K:K,DATA_QB_SEASONS!A:A,A4)*100 -> 122.76295 | P4: 270.5 | Q4: 271.8 | R4: =Q4/P4 -> 1.0048059 | S4: 539 | T4: 34 | U4: =AVERAGEIFS(DATA_QB_SEASONS!L:L,DATA_QB_SEASONS!A:A,A4)*100 -> 142.63314 | V4: 2.03 | W4: 1.48 | X4: =W4/V4 -> 0.72906404 | Y4: 120 | Z4: 2.51 | AA4: 111 | AB4: 132.2 | AC4: 8 | AD4: 0.87726639 | AE4: 266 | AF4: 9380 | AG4: 271
A5: Drew Brees | B5: 1 | C5: 1 | D5: 3 | E5: 4 | F5: =(C5)+(D5*0.5)+(E5*0.25) -> 3.5 | G5: 1 | H5: 0.45 | I5: 1 | J5: 4 | K5: =I5+(J5*0.5) -> 3 | L5: 13 | M5: 80358 | N5: 4760 | O5: =AVERAGEIFS(DATA_QB_SEASONS!K:K,DATA_QB_SEASONS!A:A,A5)*100 -> 117.54427 | P5: 280 | Q5: 298.1 | R5: =Q5/P5 -> 1.0646429 | S5: 571 | T5: 34 | U5: =AVERAGEIFS(DATA_QB_SEASONS!L:L,DATA_QB_SEASONS!A:A,A5)*100 -> 128.30631 | V5: 1.99 | W5: 2.06 | X5: =W5/V5 -> 1.0351759 | Y5: 116 | Z5: 2.62 | AA5: 110.66667 | AB5: 122.4 | AC5: 7 | AD5: 0.98169014 | AE5: 287 | AF5: 10551 | AG5: 277
A6: Bart Starr | B6: 5 | C6: 3 | D6: 1 | E6: 0 | F6: =(C6)+(D6*0.5)+(E6*0.25) -> 3.5 | G6: 2 | H6: 0.42 | I6: 1 | J6: 3 | K6: =I6+(J6*0.5) -> 2.5 | L6: 4 | M6: 24718 | N6: 2144 | O6: =AVERAGEIFS(DATA_QB_SEASONS!K:K,DATA_QB_SEASONS!A:A,A6)*100 -> 80.79067 | P6: 126.1 | Q6: 175.3 | R6: =Q6/P6 -> 1.3901665 | S6: 152 | T6: 13 | U6: =AVERAGEIFS(DATA_QB_SEASONS!L:L,DATA_QB_SEASONS!A:A,A6)*100 -> 60.023604 | V6: 0.78 | W6: 1.5 | X6: =W6/V6 -> 1.9230769 | Y6: 111 | Z6: 6.67 | AA6: 102.41667 | AB6: 118.6 | AC6: 3 | AD6: 1.2688928 | AE6: 196 | AF6: 3149 | AG6: 115
A7: Aaron Rodgers | B7: 1 | C7: 1 | D7: 6 | E7: 4 | F7: =(C7)+(D7*0.5)+(E7*0.25) -> 5 | G7: 1 | H7: 3.28 | I7: 4 | J7: 1 | K7: =I7+(J7*0.5) -> 4.5 | L7: 10 | M7: 66274 | N7: 4268 | O7: =AVERAGEIFS(DATA_QB_SEASONS!K:K,DATA_QB_SEASONS!A:A,A7)*100 -> 108.39237 | P7: 251 | Q7: 262.6 | R7: =Q7/P7 -> 1.0462151 | S7: 527 | T7: 34 | U7: =AVERAGEIFS(DATA_QB_SEASONS!L:L,DATA_QB_SEASONS!A:A,A7)*100 -> 130.13375 | V7: 2 | W7: 1.96 | X7: =W7/V7 -> 0.98 | Y7: 115 | Z7: 13.8 | AA7: 111.66667 | AB7: 129.2 | AC7: 5 | AD7: 0.95132128 | AE7: 264 | AF7: 8743 | AG7: 255
A8: Johnny Unitas | B8: 3 | C8: 1 | D8: 2 | E8: 0 | F8: =(C8)+(D8*0.5)+(E8*0.25) -> 2 | G8: 0 | H8: 2.79 | I8: 5 | J8: 3 | K8: =I8+(J8*0.5) -> 6.5 | L8: 10 | M8: 40239 | N8: 3242 | O8: =AVERAGEIFS(DATA_QB_SEASONS!K:K,DATA_QB_SEASONS!A:A,A8)*100 -> 116.01237 | P8: 190.7 | Q8: 184.8 | R8: =Q8/P8 -> 0.96906135 | S8: 290 | T8: 23 | U8: =AVERAGEIFS(DATA_QB_SEASONS!L:L,DATA_QB_SEASONS!A:A,A8)*100 -> 108.98271 | V8: 1.37 | W8: 0.78 | X8: =W8/V8 -> 0.56934307 | Y8: 107 | Z8: 8.42 | AA8: 106.1 | AB8: 121 | AC8: 4 | AD8: 0.74542125 | AE8: 211 | AF8: 5186 | AG8: 145
A9: Patrick Mahomes | B9: 3 | C9: 5 | D9: 7 | E9: 2 | F9: =(C9)+(D9*0.5)+(E9*0.25) -> 9 | G9: 3 | H9: 1.93 | I9: 2 | J9: 1 | K9: =I9+(J9*0.5) -> 2.5 | L9: 6 | M9: 35939 | N9: 4849 | O9: =AVERAGEIFS(DATA_QB_SEASONS!K:K,DATA_QB_SEASONS!A:A,A9)*100 -> 118.78461 | P9: 285.2 | Q9: 276.9 | R9: =Q9/P9 -> 0.97089762 | S9: 267 | T9: 36 | U9: =AVERAGEIFS(DATA_QB_SEASONS!L:L,DATA_QB_SEASONS!A:A,A9)*100 -> 131.60387 | V9: 2.12 | W9: 2.19 | X9: =W9/V9 -> 1.0330189 | Y9: 117 | Z9: 21.2 | AA9: 110.33333 | AB9: 126.2 | AC9: 4 | AD9: 1.0162822 | AE9: 126 | AF9: 4673 | AG9: 137
A10: Dan Marino | B10: 0 | C10: 1 | D10: 3 | E10: 4 | F10: =(C10)+(D10*0.5)+(E10*0.25) -> 3.5 | G10: 0 | H10: 0.77 | I10: 3 | J10: 3 | K10: =I10+(J10*0.5) -> 4.5 | L10: 9 | M10: 61361 | N10: 4310 | O10: =AVERAGEIFS(DATA_QB_SEASONS!K:K,DATA_QB_SEASONS!A:A,A10)*100 -> 115.33777 | P10: 253.6 | Q10: 250.6 | R10: =Q10/P10 -> 0.98817035 | S10: 420 | T10: 30 | U10: =AVERAGEIFS(DATA_QB_SEASONS!L:L,DATA_QB_SEASONS!A:A,A10)*100 -> 123.50598 | V10: 1.74 | W10: 1.78 | X10: =W10/V10 -> 1.0229885 | Y10: 119 | Z10: 0.36 | AA10: 114.33333 | AB10: 130.2 | AC10: 6 | AD10: 0.84580153 | AE10: 242 | AF10: 8358 | AG10: 216
A11: John Elway | B11: 2 | C11: 5 | D11: 6 | E11: 1 | F11: =(C11)+(D11*0.5)+(E11*0.25) -> 8.25 | G11: 1 | H11: 0.95 | I11: 0 | J11: 3 | K11: =I11+(J11*0.5) -> 1.5 | L11: 9 | M11: 51475 | N11: 3740 | O11: =AVERAGEIFS(DATA_QB_SEASONS!K:K,DATA_QB_SEASONS!A:A,A11)*100 -> 98.811771 | P11: 220 | Q11: 225.6 | R11: =Q11/P11 -> 1.0254545 | S11: 300 | T11: 22 | U11: =AVERAGEIFS(DATA_QB_SEASONS!L:L,DATA_QB_SEASONS!A:A,A11)*100 -> 90.639455 | V11: 1.28 | W11: 1.23 | X11: =W11/V11 -> 0.9609375 | Y11: 106 | Z11: 14.6 | AA11: 105.66667 | AB11: 115.2 | AC11: 0 | AD11: 1.0982143 | AE11: 234 | AF11: 7250 | AG11: 206
A12: Terry Bradshaw | B12: 4 | C12: 4 | D12: 6 | E12: 0 | F12: =(C12)+(D12*0.5)+(E12*0.25) -> 7 | G12: 2 | H12: 0.49 | I12: 1 | J12: 0 | K12: =I12+(J12*0.5) -> 1 | L12: 3 | M12: 27989 | N12: 2832 | O12: =AVERAGEIFS(DATA_QB_SEASONS!K:K,DATA_QB_SEASONS!A:A,A12)*100 -> 93.677227 | P12: 166.6 | Q12: 201.7 | R12: =Q12/P12 -> 1.2106843 | S12: 212 | T12: 21 | U12: =AVERAGEIFS(DATA_QB_SEASONS!L:L,DATA_QB_SEASONS!A:A,A12)*100 -> 102.6866 | V12: 1.26 | W12: 1.58 | X12: =W12/V12 -> 1.2539683 | Y12: 107 | Z12: 13.4 | AA12: 98.333333 | AB12: 119.4 | AC12: 3 | AD12: 1.3438155 | AE12: 168 | AF12: 3901 | AG12: 140
A13: Steve Young | B13: 1 | C13: 3 | D13: 7 | E13: 2 | F13: =(C13)+(D13*0.5)+(E13*0.25) -> 7 | G13: 1 | H13: 1.78 | I13: 3 | J13: 3 | K13: =I13+(J13*0.5) -> 4.5 | L13: 7 | M13: 33124 | N13: 3332 | O13: =AVERAGEIFS(DATA_QB_SEASONS!K:K,DATA_QB_SEASONS!A:A,A13)*100 -> 98.826034 | P13: 196 | Q13: 222.71429 | R13: =Q13/P13 -> 1.1362974 | S13: 232 | T13: 23 | U13: =AVERAGEIFS(DATA_QB_SEASONS!L:L,DATA_QB_SEASONS!A:A,A13)*100 -> 111.79658 | V13: 1.37 | W13: 1.3571429 | X13: =W13/V13 -> 0.99061522 | Y13: 122 | Z13: 25.1 | AA13: 106.66667 | AB13: 134.6 | AC13: 6 | AD13: 0.88467153 | AE13: 169 | AF13: 4149 | AG13: 168
... A15: Fran Tarkenton | B15: 0 | C15: 3 | D15: 3 | E15: 0 | F15: =(C15)+(D15*0.5)+(E15*0.25) -> 4.5 | G15: 0 | H15: 0.04 | I15: 1 | J15: 1 | K15: =I15+(J15*0.5) -> 1.5 | L15: 9 | M15: 47003 | N15: 3248 | O15: =AVERAGEIFS(DATA_QB_SEASONS!K:K,DATA_QB_SEASONS!A:A,A15)*100 -> 111.48964 | P15: 191.1 | Q15: 163.9 | R15: =Q15/P15 -> 0.85766614 | S15: 342 | T15: 24 | U15: =AVERAGEIFS(DATA_QB_SEASONS!L:L,DATA_QB_SEASONS!A:A,A15)*100 -> 106.40786 | V15: 1.39 | W15: 1 | X15: =W15/V15 -> 0.71942446 | Y15: 112 | Z15: 14.9 | AA15: 109 | AB15: 120.8 | AC15: 2 | AD15: 0.67946257 | AE15: 246 | AF15: 6467 | AG15: 233
A16: Otto Graham | B16: 7 | C16: 2 | D16: 0 | E16: 0 | F16: =(C16)+(D16*0.5)+(E16*0.25) -> 2 | G16: 0 | H16: 2.11 | I16: 4 | J16: 2 | K16: =I16+(J16*0.5) -> 5 | L16: 5 | M16: 23584 | N16: 3182 | O16: =AVERAGEIFS(DATA_QB_SEASONS!K:K,DATA_QB_SEASONS!A:A,A16)*100 -> 118.62778 | P16: 187.2 | Q16: 175.1 | R16: =Q16/P16 -> 0.93536325 | S16: 174 | T16: 23 | U16: =AVERAGEIFS(DATA_QB_SEASONS!L:L,DATA_QB_SEASONS!A:A,A16)*100 -> 103.51926 | V16: 1.38 | W16: 1.17 | X16: =W16/V16 -> 0.84782609 | Y16: 128 | Z16: 7 | AA16: 115.33333 | AB16: 133 | AC16: 8 | AD16: 0.67459324 | AE16: 126 | AF16: 2626 | AG16: -
A17: Brett Favre | B17: 1 | C17: 2 | D17: 5 | E17: 5 | F17: =(C17)+(D17*0.5)+(E17*0.25) -> 5.75 | G17: 0 | H17: 2.17 | I17: 3 | J17: 3 | K17: =I17+(J17*0.5) -> 4.5 | L17: 11 | M17: 71838 | N17: 4044 | O17: =AVERAGEIFS(DATA_QB_SEASONS!K:K,DATA_QB_SEASONS!A:A,A17)*100 -> 113.46293 | P17: 237.9 | Q17: 244 | R17: =Q17/P17 -> 1.025641 | S17: 508 | T17: 29 | U17: =AVERAGEIFS(DATA_QB_SEASONS!L:L,DATA_QB_SEASONS!A:A,A17)*100 -> 127.07615 | V17: 1.68 | W17: 1.83 | X17: =W17/V17 -> 1.0892857 | Y17: 108 | Z17: 6.11 | AA17: 102.33333 | AB17: 118.4 | AC17: 5 | AD17: 1.0505902 | AE17: 302 | AF17: 10169 | AG17: 259
A18: YA Tittle | B18: 0 | C18: 0 | D18: 0 | E18: 0 | F18: =(C18)+(D18*0.5)+(E18*0.25) -> 0 | G18: 0 | H18: 1.37 | I18: 3 | J18: 0 | K18: =I18+(J18*0.5) -> 3 | L18: 7 | M18: 33070 | N18: 2756 | O18: =AVERAGEIFS(DATA_QB_SEASONS!K:K,DATA_QB_SEASONS!A:A,A18)*100 -> 97.420954 | P18: 162.1 | Q18: 174.8 | R18: =Q18/P18 -> 1.0783467 | S18: 242 | T18: 20 | U18: =AVERAGEIFS(DATA_QB_SEASONS!L:L,DATA_QB_SEASONS!A:A,A18)*100 -> 84.917652 | V18: 1.19 | W18: 0.8 | X18: =W18/V18 -> 0.67226891 | Y18: 110 | Z18: 6.1 | AA18: 95 | AB18: 112.8 | AC18: 6 | AD18: 0.33825944 | AE18: 204 | AF18: 4395 | AG18: 47
A19: Ben Roethlisberger | B19: 2 | C19: 3 | D19: 5 | E19: 3 | F19: =(C19)+(D19*0.5)+(E19*0.25) -> 6.25 | G19: 0 | H19: 0 | I19: 0 | J19: 0 | K19: =I19+(J19*0.5) -> 0 | L19: 6 | M19: 64088 | N19: 4375 | O19: =AVERAGEIFS(DATA_QB_SEASONS!K:K,DATA_QB_SEASONS!A:A,A19)*100 -> 103.13327 | P19: 257.4 | Q19: 259.7 | R19: =Q19/P19 -> 1.0089355 | S19: 418 | T19: 29 | U19: =AVERAGEIFS(DATA_QB_SEASONS!L:L,DATA_QB_SEASONS!A:A,A19)*100 -> 103.14069 | V19: 1.68 | W19: 1.57 | X19: =W19/V19 -> 0.93452381 | Y19: 109 | Z19: 5.51 | AA19: 102 | AB19: 114.6 | AC19: 2 | AD19: 0.91350531 | AE19: 249 | AF19: 8443 | AG19: 208
A20: Dan Fouts | B20: 0 | C20: 0 | D20: 2 | E20: 1 | F20: =(C20)+(D20*0.5)+(E20*0.25) -> 1.25 | G20: 0 | H20: 0.76 | I20: 2 | J20: 2 | K20: =I20+(J20*0.5) -> 3 | L20: 6 | M20: 43040 | N20: 4042 | O20: =AVERAGEIFS(DATA_QB_SEASONS!K:K,DATA_QB_SEASONS!A:A,A20)*100 -> 108.9645 | P20: 237.8 | Q20: 303.6 | R20: =Q20/P20 -> 1.2767031 | S20: 254 | T20: 24 | U20: =AVERAGEIFS(DATA_QB_SEASONS!L:L,DATA_QB_SEASONS!A:A,A20)*100 -> 95.514556 | V20: 1.4 | W20: 1.71 | X20: =W20/V20 -> 1.2214286 | Y20: 117 | Z20: 2.63 | AA20: 107 | AB20: 128.8 | AC20: 7 | AD20: 0.8779661 | AE20: 181 | AF20: 5604 | AG20: 163
A21: Lamar Jackson | B21: 0 | C21: 0 | D21: 1 | E21: 2 | F21: =(C21)+(D21*0.5)+(E21*0.25) -> 1 | G21: 0 | H21: 2.71 | I21: 3 | J21: 0 | K21: =I21+(J21*0.5) -> 3 | L21: 4 | M21: 22608 | N21: 3313 | O21: =AVERAGEIFS(DATA_QB_SEASONS!K:K,DATA_QB_SEASONS!A:A,A21)*100 -> 81.837018 | P21: 194.9 | Q21: 219.1 | R21: =Q21/P21 -> 1.1241662 | S21: 187 | T21: 27 | U21: =AVERAGEIFS(DATA_QB_SEASONS!L:L,DATA_QB_SEASONS!A:A,A21)*100 -> 102.91526 | V21: 1.61 | W21: 1.25 | X21: =W21/V21 -> 0.77639752 | Y21: 116 | Z21: 56.2 | AA21: 103 | AB21: 116.2 | AC21: 1 | AD21: 0.74344828 | AE21: 116 | AF21: 2888 | AG21: 127
A22: Kurt Warner | B22: 1 | C22: 3 | D22: 3 | E22: 2 | F22: =(C22)+(D22*0.5)+(E22*0.25) -> 5 | G22: 1 | H22: 1.11 | I22: 2 | J22: 0 | K22: =I22+(J22*0.5) -> 2 | L22: 4 | M22: 32344 | N22: 4434 | O22: =AVERAGEIFS(DATA_QB_SEASONS!K:K,DATA_QB_SEASONS!A:A,A22)*100 -> 108.16962 | P22: 260.8 | Q22: 304 | R22: =Q22/P22 -> 1.1656442 | S22: 208 | T22: 29 | U22: =AVERAGEIFS(DATA_QB_SEASONS!L:L,DATA_QB_SEASONS!A:A,A22)*100 -> 116.91321 | V22: 1.68 | W22: 2.38 | X22: =W22/V22 -> 1.4166667 | Y22: 116 | Z22: 2.31 | AA22: 100.33333 | AB22: 112.2 | AC22: 3 | AD22: 1.1847988 | AE22: 124 | AF22: 4070 | AG22: 113
A23: Sammy Baugh | B23: 2 | C23: 1 | D23: 0 | E23: 0 | F23: =(C23)+(D23*0.5)+(E23*0.25) -> 1 | G23: 0 | H23: 0 | I23: 4 | J23: 4 | K23: =I23+(J23*0.5) -> 6 | L23: 6 | M23: 21886 | N23: 2228 | O23: =AVERAGEIFS(DATA_QB_SEASONS!K:K,DATA_QB_SEASONS!A:A,A23)*100 -> 101.50386 | P23: 131.1 | Q23: 138.5 | R23: =Q23/P23 -> 1.0564455 | S23: 187 | T23: 19 | U23: =AVERAGEIFS(DATA_QB_SEASONS!L:L,DATA_QB_SEASONS!A:A,A23)*100 -> 102.09603 | V23: 1.12 | W23: 1.17 | X23: =W23/V23 -> 1.0446429 | Y23: 119 | Z23: 1.95 | AA23: 115.66667 | AB23: 126.9 | AC23: 9 | AD23: 1.0871143 | AE23: 167 | AF23: 2995 | AG23: -
A24: Warren Moon | B24: 0 | C24: 0 | D24: 0 | E24: 3 | F24: =(C24)+(D24*0.5)+(E24*0.25) -> 0.75 | G24: 0 | H24: 0.24 | I24: 0 | J24: 1 | K24: =I24+(J24*0.5) -> 0.5 | L24: 9 | M24: 49325 | N24: 4031 | O24: =AVERAGEIFS(DATA_QB_SEASONS!K:K,DATA_QB_SEASONS!A:A,A24)*100 -> 108.51034 | P24: 237.1 | Q24: 287 | R24: =Q24/P24 -> 1.2104597 | S24: 291 | T24: 24 | U24: =AVERAGEIFS(DATA_QB_SEASONS!L:L,DATA_QB_SEASONS!A:A,A24)*100 -> 102.64549 | V24: 1.4 | W24: 1.7 | X24: =W24/V24 -> 1.2142857 | Y24: 106 | Z24: 8.35 | AA24: 102.66667 | AB24: 119 | AC24: 2 | AD24: 0.99469965 | AE24: 208 | AF24: 6823 | AG24: 163
A25: Jim Kelly | B25: 0 | C25: 4 | D25: 4 | E25: 1 | F25: =(C25)+(D25*0.5)+(E25*0.25) -> 6.25 | G25: 0 | H25: 0.28 | I25: 1 | J25: 1 | K25: =I25+(J25*0.5) -> 1.5 | L25: 5 | M25: 35467 | N25: 3768 | O25: =AVERAGEIFS(DATA_QB_SEASONS!K:K,DATA_QB_SEASONS!A:A,A25)*100 -> 99.556708 | P25: 221.7 | Q25: 227.2 | R25: =Q25/P25 -> 1.0248083 | S25: 237 | T25: 25 | U25: =AVERAGEIFS(DATA_QB_SEASONS!L:L,DATA_QB_SEASONS!A:A,A25)*100 -> 107.27173 | V25: 1.48 | W25: 1.24 | X25: =W25/V25 -> 0.83783784 | Y25: 109 | Z25: 6.56 | AA25: 100 | AB25: 117.2 | AC25: 2 | AD25: 0.85494881 | AE25: 160 | AF25: 4779 | AG25: 132
A26: Ken Stabler | B26: 1 | C26: 1 | D26: 5 | E26: 0 | F26: =(C26)+(D26*0.5)+(E26*0.25) -> 3.5 | G26: 0 | H26: 0.66 | I26: 1 | J26: 1 | K26: =I26+(J26*0.5) -> 1.5 | L26: 4 | M26: 27938 | N26: 2581 | O26: =AVERAGEIFS(DATA_QB_SEASONS!K:K,DATA_QB_SEASONS!A:A,A26)*100 -> 99.522929 | P26: 151.8 | Q26: 203.2 | R26: =Q26/P26 -> 1.3386034 | S26: 194 | T26: 18 | U26: =AVERAGEIFS(DATA_QB_SEASONS!L:L,DATA_QB_SEASONS!A:A,A26)*100 -> 103.78466 | V26: 1.05 | W26: 1.46 | X26: =W26/V26 -> 1.3904762 | Y26: 102 | Z26: 0.51 | AA26: 92.666667 | AB26: 119.8 | AC26: 2 | AD26: 1.2130802 | AE26: 184 | AF26: 3793 | AG26: 118
A29: MAX | B29: =MAX(B2:B26) -> 7 | C29: =MAX(C2:C26) -> 10 | D29: =MAX(D2:D26) -> 14 | E29: =MAX(E2:E26) -> 5 | F29: =MAX(F2:F26) -> 18 | G29: =MAX(G2:G26) -> 5 | H29: =MAX(H2:H26) -> 4.58 | I29: =MAX(I2:I26) -> 7 | ... AD29: =MAX(AD2:AD26) -> 1.3438155 | AG29: =MAX(AG2:AG26) -> 326
A30: MIN | B30: =MIN(B2:B26) -> 0 | C30: =MIN(C2:C26) -> 0 | D30: =MIN(D2:D26) -> 0 | E30: =MIN(E2:E26) -> 0 | F30: =MIN(F2:F26) -> 0 | G30: =MIN(G2:G26) -> 0 | H30: =MIN(H2:H26) -> 0 | I30: =MIN(I2:I26) -> 0 | ... AD30: =MIN(AD2:AD26) -> 0.33825944 | AG30: =MIN(AG2:AG26) -> 47
A31: DIFF | B31: =B29-B30 -> 7 | C31: =C29-C30 -> 10 | D31: =D29-D30 -> 14 | E31: =E29-E30 -> 5 | F31: =F29-F30 -> 18 | G31: =G29-G30 -> 5 | H31: =H29-H30 -> 4.58 | I31: =I29-I30 -> 7 | ... AD31: =AD29-AD30 -> 1.0055561 | AG31: =AG29-AG30 -> 279

Sheet NORMALIZED_DATA
A1: QB | B1: Super Bowls | C1: Playoff Success Score | D1: Super Bowl MVPs | E1: MVP Shares (Adjusted) | F1: MVP Shares | G1: All-Pro Score | H1: Pro Bowls | I1: Yards | J1: Yards per Season | K1: Adjusted Yards per Season (Adjusted) | L1: Adjusted Yards per Season | M1: Playoff Yards Elevation | N1: Touchdowns | O1: TDs per Season | P1: Adjusted TDs per Season (Adjusted) | Q1: Adjusted TDs per Season | R1: Playoff TDs Elevation | S1: Career ANY/A+ (Converted) | T1: Career ANY/A+ (Adjusted) | U1: Career ANY/A+ | V1: Rush Yards per Game | W1: Negative Play Rate | X1: Peak Score (Adjusted) | Y1: Peak Score | Z1: Dominance Score | AA1: Playoff Elevation Score
A2: Tom Brady | B2: =100*(RAW_DATA!B2-RAW_DATA!$B$30)/RAW_DATA!$B$31 -> 100 | C2: =100*(RAW_DATA!F2-RAW_DATA!$F$30)/RAW_DATA!$F$31 -> 100 | D2: =100*(RAW_DATA!G2-RAW_DATA!$G$30)/RAW_DATA!$G$31 -> 100 | E2: =(RAW_DATA!H2-AVERAGE(RAW_DATA!$H$2:$H$26))/_xlfn.STDEV.P(RAW_DATA!$H$2:$H$26) -> 1.8113688 | F2: =100*(E2-$E$30)/$E$31 -> 78.60262 | G2: =100*(RAW_DATA!K2-RAW_DATA!$K$30)/RAW_DATA!$K$31 -> 52.941176 | H2: =100*(RAW_DATA!L2-RAW_DATA!$L$30)/RAW_DATA!$L$31 -> 100 | I2: =100*(RAW_DATA!M2-RAW_DATA!$M$30)/RAW_DATA!$M$31 -> 100 | J2: =100*(RAW_DATA!N2-RAW_DATA!$N$30)/RAW_DATA!$N$31 -> 88.096118 | K2: =(RAW_DATA!O2-AVERAGE(RAW_DATA!$O$2:$O$26))/_xlfn.STDEV.P(RAW_DATA!$O$2:$O$26) -> 1.0347076 | L2: =100*(K2-$K$30)/$K$31 -> 88.274775 | M2: =100*(RAW_DATA!R2-RAW_DATA!$R$30)/RAW_DATA!$R$31 -> 41.548214 | N2: =100*(RAW_DATA!S2-RAW_DATA!$S$30)/RAW_DATA!$S$31 -> 100 | O2: =100*(RAW_DATA!T2-RAW_DATA!$T$30)/RAW_DATA!$T$31 -> 86.956522 | P2: =(RAW_DATA!U2-AVERAGE(RAW_DATA!$U$2:$U$26))/_xlfn.STDEV.P(RAW_DATA!$U$2:$U$26) -> 1.2506807 | Q2: =100*(P2-$P$30)/$P$31 -> 86.103347 | R2: =100*(RAW_DATA!X2-RAW_DATA!$X$30)/RAW_DATA!$X$31 -> 27.624034 | S2: =RAW_DATA!Y2-100 -> 16 | T2: =(S2-AVERAGE($S$2:$S$26))/_xlfn.STDEV.P($S$2:$S$26) -> 0.35657743 | U2: =100*(T2-$T$30)/$T$31 -> 53.846154 | V2: =100*(RAW_DATA!Z2-RAW_DATA!$Z$30)/RAW_DATA!$Z$31 -> 5.3545845 | W2: =100*(RAW_DATA!AA2-MIN(RAW_DATA!$AA$2:RAW_DATA!$AA$26))/(MAX(RAW_DATA!$AA$2:RAW_DATA!$AA$26)-MIN(RAW_DATA!$AA$2:RAW_DATA!$AA$26)) -> 98.550725 | X2: =(RAW_DATA!AB2-AVERAGE(RAW_DATA!$AB$2:RAW_DATA!$AB$26))/_xlfn.STDEV.P(RAW_DATA!$AB$2:RAW_DATA!$AB$26) -> 0.91036239 | Y2: =100*(X2-$X$30)/$X$31 -> 72.321429 | Z2: =100*(RAW_DATA!AC2-RAW_DATA!$AC$30)/RAW_DATA!$AC$31 -> 55.555556 | AA2: =100*(RAW_DATA!AD2-RAW_DATA!$AD$30)/RAW_DATA!$AD$31 -> 56.793352
A3: Joe Montana | B3: =100*(RAW_DATA!B3-RAW_DATA!$B$30)/RAW_DATA!$B$31 -> 57.142857 | C3: =100*(RAW_DATA!F3-RAW_DATA!$F$30)/RAW_DATA!$F$31 -> 43.055556 | D3: =100*(RAW_DATA!G3-RAW_DATA!$G$30)/RAW_DATA!$G$31 -> 60 | E3: =(RAW_DATA!H3-AVERAGE(RAW_DATA!$H$2:$H$26))/_xlfn.STDEV.P(RAW_DATA!$H$2:$H$26) -> 0.20802743 | F3: =100*(E3-$E$30)/$E$31 -> 35.58952 | G3: =100*(RAW_DATA!K3-RAW_DATA!$K$30)/RAW_DATA!$K$31 -> 47.058824 | H3: =100*(RAW_DATA!L3-RAW_DATA!$L$30)/RAW_DATA!$L$31 -> 41.666667 | I3: =100*(RAW_DATA!M3-RAW_DATA!$M$30)/RAW_DATA!$M$31 -> 27.722493 | J3: =100*(RAW_DATA!N3-RAW_DATA!$N$30)/RAW_DATA!$N$31 -> 53.456562 | K3: =(RAW_DATA!O3-AVERAGE(RAW_DATA!$O$2:$O$26))/_xlfn.STDEV.P(RAW_DATA!$O$2:$O$26) -> -0.53084116 | L3: =100*(K3-$K$30)/$K$31 -> 47.156967 | M3: =100*(RAW_DATA!R3-RAW_DATA!$R$30)/RAW_DATA!$R$31 -> 65.496024 | N3: =100*(RAW_DATA!S3-RAW_DATA!$S$30)/RAW_DATA!$S$31 -> 24.346076 | O3: =100*(RAW_DATA!T3-RAW_DATA!$T$30)/RAW_DATA!$T$31 -> 47.826087 | P3: =(RAW_DATA!U3-AVERAGE(RAW_DATA!$U$2:$U$26))/_xlfn.STDEV.P(RAW_DATA!$U$2:$U$26) -> -0.33948198 | Q3: =100*(P3-$P$30)/$P$31 -> 52.917607 | R3: =100*(RAW_DATA!X3-RAW_DATA!$X$30)/RAW_DATA!$X$31 -> 59.903844 | S3: =RAW_DATA!Y3-100 -> 20 | T3: =(S3-AVERAGE($S$2:$S$26))/_xlfn.STDEV.P($S$2:$S$26) -> 1.016906 | U3: =100*(T3-$T$30)/$T$31 -> 69.230769 | V3: =100*(RAW_DATA!Z3-RAW_DATA!$Z$30)/RAW_DATA!$Z$31 -> 14.989255 | W3: =100*(RAW_DATA!AA3-MIN(RAW_DATA!$AA$2:RAW_DATA!$AA$26))/(MAX(RAW_DATA!$AA$2:RAW_DATA!$AA$26)-MIN(RAW_DATA!$AA$2:RAW_DATA!$AA$26)) -> 95.652174 | X3: =(RAW_DATA!AB3-AVERAGE(RAW_DATA!$AB$2:RAW_DATA!$AB$26))/_xlfn.STDEV.P(RAW_DATA!$AB$2:RAW_DATA!$AB$26) -> 0.18884844 | Y3: =100*(X3-$X$30)/$X$31 -> 51.785714 | Z3: =100*(RAW_DATA!AC3-RAW_DATA!$AC$30)/RAW_DATA!$AC$31 -> 33.333333 | AA3: =100*(RAW_DATA!AD3-RAW_DATA!$AD$30)/RAW_DATA!$AD$31 -> 71.835538
A4: Peyton Manning | B4: =100*(RAW_DATA!B4-RAW_DATA!$B$30)/RAW_DATA!$B$31 -> 28.571429 | C4: =100*(RAW_DATA!F4-RAW_DATA!$F$30)/RAW_DATA!$F$31 -> 40.277778 | D4: =100*(RAW_DATA!G4-RAW_DATA!$G$30)/RAW_DATA!$G$31 -> 20 | E4: =(RAW_DATA!H4-AVERAGE(RAW_DATA!$H$2:$H$26))/_xlfn.STDEV.P(RAW_DATA!$H$2:$H$26) -> 2.60897 | F4: =100*(E4-$E$30)/$E$31 -> 100 | G4: =100*(RAW_DATA!K4-RAW_DATA!$K$30)/RAW_DATA!$K$31 -> 100 | H4: =100*(RAW_DATA!L4-RAW_DATA!$L$30)/RAW_DATA!$L$31 -> 91.666667 | I4: =100*(RAW_DATA!M4-RAW_DATA!$M$30)/RAW_DATA!$M$31 -> 74.343512 | J4: =100*(RAW_DATA!N4-RAW_DATA!$N$30)/RAW_DATA!$N$31 -> 90.720887 | K4: =(RAW_DATA!O4-AVERAGE(RAW_DATA!$O$2:$O$26))/_xlfn.STDEV.P(RAW_DATA!$O$2:$O$26) -> 1.4811422 | L4: =100*(K4-$K$30)/$K$31 -> 100 | M4: =100*(RAW_DATA!R4-RAW_DATA!$R$30)/RAW_DATA!$R$31 -> 34.084362 | N4: =100*(RAW_DATA!S4-RAW_DATA!$S$30)/RAW_DATA!$S$31 -> 77.867203 | O4: =100*(RAW_DATA!T4-RAW_DATA!$T$30)/RAW_DATA!$T$31 -> 91.304348 | P4: =(RAW_DATA!U4-AVERAGE(RAW_DATA!$U$2:$U$26))/_xlfn.STDEV.P(RAW_DATA!$U$2:$U$26) -> 1.9165672 | Q4: =100*(P4-$P$30)/$P$31 -> 100 | R4: =100*(RAW_DATA!X4-RAW_DATA!$X$30)/RAW_DATA!$X$31 -> 11.798551 | S4: =RAW_DATA!Y4-100 -> 20 | T4: =(S4-AVERAGE($S$2:$S$26))/_xlfn.STDEV.P($S$2:$S$26) -> 1.016906 | U4: =100*(T4-$T$30)/$T$31 -> 69.230769 | V4: =100*(RAW_DATA!Z4-RAW_DATA!$Z$30)/RAW_DATA!$Z$31 -> 3.8502865 | W4: =100*(RAW_DATA!AA4-MIN(RAW_DATA!$AA$2:RAW_DATA!$AA$26))/(MAX(RAW_DATA!$AA$2:RAW_DATA!$AA$26)-MIN(RAW_DATA!$AA$2:RAW_DATA!$AA$26)) -> 79.710145 | X4: =(RAW_DATA!AB4-AVERAGE(RAW_DATA!$AB$2:RAW_DATA!$AB$26))/_xlfn.STDEV.P(RAW_DATA!$AB$2:RAW_DATA!$AB$26) -> 1.5063957 | Y4: =100*(X4-$X$30)/$X$31 -> 89.285714 | Z4: =100*(RAW_DATA!AC4-RAW_DATA!$AC$30)/RAW_DATA!$AC$31 -> 88.888889 | AA4: =100*(RAW_DATA!AD4-RAW_DATA!$AD$30)/RAW_DATA!$AD$31 -> 53.602873
A5: Drew Brees | B5: =100*(RAW_DATA!B5-RAW_DATA!$B$30)/RAW_DATA!$B$31 -> 14.285714 | C5: =100*(RAW_DATA!F5-RAW_DATA!$F$30)/RAW_DATA!$F$31 -> 19.444444 | D5: =100*(RAW_DATA!G5-RAW_DATA!$G$30)/RAW_DATA!$G$31 -> 20 | E5: =(RAW_DATA!H5-AVERAGE(RAW_DATA!$H$2:$H$26))/_xlfn.STDEV.P(RAW_DATA!$H$2:$H$26) -> -0.7523496 | F5: =100*(E5-$E$30)/$E$31 -> 9.8253275 | G5: =100*(RAW_DATA!K5-RAW_DATA!$K$30)/RAW_DATA!$K$31 -> 35.294118 | H5: =100*(RAW_DATA!L5-RAW_DATA!$L$30)/RAW_DATA!$L$31 -> 83.333333 | I5: =100*(RAW_DATA!M5-RAW_DATA!$M$30)/RAW_DATA!$M$31 -> 86.846483 | J5: =100*(RAW_DATA!N5-RAW_DATA!$N$30)/RAW_DATA!$N$31 -> 96.709797 | K5: =(RAW_DATA!O5-AVERAGE(RAW_DATA!$O$2:$O$26))/_xlfn.STDEV.P(RAW_DATA!$O$2:$O$26) -> 1.0077352 | L5: =100*(K5-$K$30)/$K$31 -> 87.566366 | M5: =100*(RAW_DATA!R5-RAW_DATA!$R$30)/RAW_DATA!$R$31 -> 44.319425 | N5: =100*(RAW_DATA!S5-RAW_DATA!$S$30)/RAW_DATA!$S$31 -> 84.305835 | O5: =100*(RAW_DATA!T5-RAW_DATA!$T$30)/RAW_DATA!$T$31 -> 91.304348 | P5: =(RAW_DATA!U5-AVERAGE(RAW_DATA!$U$2:$U$26))/_xlfn.STDEV.P(RAW_DATA!$U$2:$U$26) -> 1.0855497 | Q5: =100*(P5-$P$30)/$P$31 -> 82.657163 | R5: =100*(RAW_DATA!X5-RAW_DATA!$X$30)/RAW_DATA!$X$31 -> 34.41096 | S5: =RAW_DATA!Y5-100 -> 16 | T5: =(S5-AVERAGE($S$2:$S$26))/_xlfn.STDEV.P($S$2:$S$26) -> 0.35657743 | U5: =100*(T5-$T$30)/$T$31 -> 53.846154 | V5: =100*(RAW_DATA!Z5-RAW_DATA!$Z$30)/RAW_DATA!$Z$31 -> 4.0472779 | W5: =100*(RAW_DATA!AA5-MIN(RAW_DATA!$AA$2:RAW_DATA!$AA$26))/(MAX(RAW_DATA!$AA$2:RAW_DATA!$AA$26)-MIN(RAW_DATA!$AA$2:RAW_DATA!$AA$26)) -> 78.26087 | X5: =(RAW_DATA!AB5-AVERAGE(RAW_DATA!$AB$2:RAW_DATA!$AB$26))/_xlfn.STDEV.P(RAW_DATA!$AB$2:RAW_DATA!$AB$26) -> -0.030742769 | Y5: =100*(X5-$X$30)/$X$31 -> 45.535714 | Z5: =100*(RAW_DATA!AC5-RAW_DATA!$AC$30)/RAW_DATA!$AC$31 -> 77.777778 | AA5: =100*(RAW_DATA!AD5-RAW_DATA!$AD$30)/RAW_DATA!$AD$31 -> 63.98755
A6: Bart Starr | B6: =100*(RAW_DATA!B6-RAW_DATA!$B$30)/RAW_DATA!$B$31 -> 71.428571 | C6: =100*(RAW_DATA!F6-RAW_DATA!$F$30)/RAW_DATA!$F$31 -> 19.444444 | D6: =100*(RAW_DATA!G6-RAW_DATA!$G$30)/RAW_DATA!$G$31 -> 40 | E6: =(RAW_DATA!H6-AVERAGE(RAW_DATA!$H$2:$H$26))/_xlfn.STDEV.P(RAW_DATA!$H$2:$H$26) -> -0.77676597 | F6: =100*(E6-$E$30)/$E$31 -> 9.1703057 | G6: =100*(RAW_DATA!K6-RAW_DATA!$K$30)/RAW_DATA!$K$31 -> 29.411765 | H6: =100*(RAW_DATA!L6-RAW_DATA!$L$30)/RAW_DATA!$L$31 -> 8.3333333 | I6: =100*(RAW_DATA!M6-RAW_DATA!$M$30)/RAW_DATA!$M$31 -> 4.2062738 | J6: =100*(RAW_DATA!N6-RAW_DATA!$N$30)/RAW_DATA!$N$31 -> 0 | K6: =(RAW_DATA!O6-AVERAGE(RAW_DATA!$O$2:$O$26))/_xlfn.STDEV.P(RAW_DATA!$O$2:$O$26) -> -2.3263292 | L6: =100*(K6-$K$30)/$K$31 -> 0 | M6: =100*(RAW_DATA!R6-RAW_DATA!$R$30)/RAW_DATA!$R$31 -> 100 | N6: =100*(RAW_DATA!S6-RAW_DATA!$S$30)/RAW_DATA!$S$31 -> 0 | O6: =100*(RAW_DATA!T6-RAW_DATA!$T$30)/RAW_DATA!$T$31 -> 0 | P6: =(RAW_DATA!U6-AVERAGE(RAW_DATA!$U$2:$U$26))/_xlfn.STDEV.P(RAW_DATA!$U$2:$U$26) -> -2.8751374 | Q6: =100*(P6-$P$30)/$P$31 -> 0 | R6: =100*(RAW_DATA!X6-RAW_DATA!$X$30)/RAW_DATA!$X$31 -> 100 | S6: =RAW_DATA!Y6-100 -> 11 | T6: =(S6-AVERAGE($S$2:$S$26))/_xlfn.STDEV.P($S$2:$S$26) -> -0.46883329 | U6: =100*(T6-$T$30)/$T$31 -> 34.615385 | V6: =100*(RAW_DATA!Z6-RAW_DATA!$Z$30)/RAW_DATA!$Z$31 -> 11.300143 | W6: =100*(RAW_DATA!AA6-MIN(RAW_DATA!$AA$2:RAW_DATA!$AA$26))/(MAX(RAW_DATA!$AA$2:RAW_DATA!$AA$26)-MIN(RAW_DATA!$AA$2:RAW_DATA!$AA$26)) -> 42.391304 | X6: =(RAW_DATA!AB6-AVERAGE(RAW_DATA!$AB$2:RAW_DATA!$AB$26))/_xlfn.STDEV.P(RAW_DATA!$AB$2:RAW_DATA!$AB$26) -> -0.62677604 | Y6: =100*(X6-$X$30)/$X$31 -> 28.571429 | Z6: =100*(RAW_DATA!AC6-RAW_DATA!$AC$30)/RAW_DATA!$AC$31 -> 33.333333 | AA6: =100*(RAW_DATA!AD6-RAW_DATA!$AD$30)/RAW_DATA!$AD$31 -> 92.549126
A7: Aaron Rodgers | B7: =100*(RAW_DATA!B7-RAW_DATA!$B$30)/RAW_DATA!$B$31 -> 14.285714 | C7: =100*(RAW_DATA!F7-RAW_DATA!$F$30)/RAW_DATA!$F$31 -> 27.777778 | D7: =100*(RAW_DATA!G7-RAW_DATA!$G$30)/RAW_DATA!$G$31 -> 20 | E7: =(RAW_DATA!H7-AVERAGE(RAW_DATA!$H$2:$H$26))/_xlfn.STDEV.P(RAW_DATA!$H$2:$H$26) -> 1.5509275 | F7: =100*(E7-$E$30)/$E$31 -> 71.615721 | G7: =100*(RAW_DATA!K7-RAW_DATA!$K$30)/RAW_DATA!$K$31 -> 52.941176 | H7: =100*(RAW_DATA!L7-RAW_DATA!$L$30)/RAW_DATA!$L$31 -> 58.333333 | I7: =100*(RAW_DATA!M7-RAW_DATA!$M$30)/RAW_DATA!$M$31 -> 65.927994 | J7: =100*(RAW_DATA!N7-RAW_DATA!$N$30)/RAW_DATA!$N$31 -> 78.521257 | K7: =(RAW_DATA!O7-AVERAGE(RAW_DATA!$O$2:$O$26))/_xlfn.STDEV.P(RAW_DATA!$O$2:$O$26) -> 0.1775298 | L7: =100*(K7-$K$30)/$K$31 -> 65.761728 | M7: =100*(RAW_DATA!R7-RAW_DATA!$R$30)/RAW_DATA!$R$31 -> 41.167378 | N7: =100*(RAW_DATA!S7-RAW_DATA!$S$30)/RAW_DATA!$S$31 -> 75.452716 | O7: =100*(RAW_DATA!T7-RAW_DATA!$T$30)/RAW_DATA!$T$31 -> 91.304348 | P7: =(RAW_DATA!U7-AVERAGE(RAW_DATA!$U$2:$U$26))/_xlfn.STDEV.P(RAW_DATA!$U$2:$U$26) -> 1.1915493 | Q7: =100*(P7-$P$30)/$P$31 -> 84.869311 | R7: =100*(RAW_DATA!X7-RAW_DATA!$X$30)/RAW_DATA!$X$31 -> 30.335131 | S7: =RAW_DATA!Y7-100 -> 15 | T7: =(S7-AVERAGE($S$2:$S$26))/_xlfn.STDEV.P($S$2:$S$26) -> 0.19149529 | U7: =100*(T7-$T$30)/$T$31 -> 50 | V7: =100*(RAW_DATA!Z7-RAW_DATA!$Z$30)/RAW_DATA!$Z$31 -> 24.068768 | W7: =100*(RAW_DATA!AA7-MIN(RAW_DATA!$AA$2:RAW_DATA!$AA$26))/(MAX(RAW_DATA!$AA$2:RAW_DATA!$AA$26)-MIN(RAW_DATA!$AA$2:RAW_DATA!$AA$26)) -> 82.608696 | X7: =(RAW_DATA!AB7-AVERAGE(RAW_DATA!$AB$2:RAW_DATA!$AB$26))/_xlfn.STDEV.P(RAW_DATA!$AB$2:RAW_DATA!$AB$26) -> 1.0358431 | Y7: =100*(X7-$X$30)/$X$31 -> 75.892857 | Z7: =100*(RAW_DATA!AC7-RAW_DATA!$AC$30)/RAW_DATA!$AC$31 -> 55.555556 | AA7: =100*(RAW_DATA!AD7-RAW_DATA!$AD$30)/RAW_DATA!$AD$31 -> 60.967444
A8: Johnny Unitas | B8: =100*(RAW_DATA!B8-RAW_DATA!$B$30)/RAW_DATA!$B$31 -> 42.857143 | C8: =100*(RAW_DATA!F8-RAW_DATA!$F$30)/RAW_DATA!$F$31 -> 11.111111 | D8: =100*(RAW_DATA!G8-RAW_DATA!$G$30)/RAW_DATA!$G$31 -> 0 | E8: =(RAW_DATA!H8-AVERAGE(RAW_DATA!$H$2:$H$26))/_xlfn.STDEV.P(RAW_DATA!$H$2:$H$26) -> 1.1521269 | F8: =100*(E8-$E$30)/$E$31 -> 60.917031 | G8: =100*(RAW_DATA!K8-RAW_DATA!$K$30)/RAW_DATA!$K$31 -> 76.470588 | H8: =100*(RAW_DATA!L8-RAW_DATA!$L$30)/RAW_DATA!$L$31 -> 58.333333 | I8: =100*(RAW_DATA!M8-RAW_DATA!$M$30)/RAW_DATA!$M$31 -> 27.25909 | J8: =100*(RAW_DATA!N8-RAW_DATA!$N$30)/RAW_DATA!$N$31 -> 40.591497 | K8: =(RAW_DATA!O8-AVERAGE(RAW_DATA!$O$2:$O$26))/_xlfn.STDEV.P(RAW_DATA!$O$2:$O$26) -> 0.86877014 | L8: =100*(K8-$K$30)/$K$31 -> 83.916567 | M8: =100*(RAW_DATA!R8-RAW_DATA!$R$30)/RAW_DATA!$R$31 -> 27.970283 | N8: =100*(RAW_DATA!S8-RAW_DATA!$S$30)/RAW_DATA!$S$31 -> 27.7666 | O8: =100*(RAW_DATA!T8-RAW_DATA!$T$30)/RAW_DATA!$T$31 -> 43.478261 | P8: =(RAW_DATA!U8-AVERAGE(RAW_DATA!$U$2:$U$26))/_xlfn.STDEV.P(RAW_DATA!$U$2:$U$26) -> -0.035301192 | Q8: =100*(P8-$P$30)/$P$31 -> 59.265678 | R8: =100*(RAW_DATA!X8-RAW_DATA!$X$30)/RAW_DATA!$X$31 -> 0 | S8: =RAW_DATA!Y8-100 -> 7 | T8: =(S8-AVERAGE($S$2:$S$26))/_xlfn.STDEV.P($S$2:$S$26) -> -1.1291619 | U8: =100*(T8-$T$30)/$T$31 -> 19.230769 | V8: =100*(RAW_DATA!Z8-RAW_DATA!$Z$30)/RAW_DATA!$Z$31 -> 14.434097 | W8: =100*(RAW_DATA!AA8-MIN(RAW_DATA!$AA$2:RAW_DATA!$AA$26))/(MAX(RAW_DATA!$AA$2:RAW_DATA!$AA$26)-MIN(RAW_DATA!$AA$2:RAW_DATA!$AA$26)) -> 58.405797 | X8: =(RAW_DATA!AB8-AVERAGE(RAW_DATA!$AB$2:RAW_DATA!$AB$26))/_xlfn.STDEV.P(RAW_DATA!$AB$2:RAW_DATA!$AB$26) -> -0.25033397 | Y8: =100*(X8-$X$30)/$X$31 -> 39.285714 | Z8: =100*(RAW_DATA!AC8-RAW_DATA!$AC$30)/RAW_DATA!$AC$31 -> 44.444444 | AA8: =100*(RAW_DATA!AD8-RAW_DATA!$AD$30)/RAW_DATA!$AD$31 -> 40.491208
A9: Patrick Mahomes | B9: =100*(RAW_DATA!B9-RAW_DATA!$B$30)/RAW_DATA!$B$31 -> 42.857143 | C9: =100*(RAW_DATA!F9-RAW_DATA!$F$30)/RAW_DATA!$F$31 -> 50 | D9: =100*(RAW_DATA!G9-RAW_DATA!$G$30)/RAW_DATA!$G$31 -> 60 | E9: =(RAW_DATA!H9-AVERAGE(RAW_DATA!$H$2:$H$26))/_xlfn.STDEV.P(RAW_DATA!$H$2:$H$26) -> 0.45219108 | F9: =100*(E9-$E$30)/$E$31 -> 42.139738 | G9: =100*(RAW_DATA!K9-RAW_DATA!$K$30)/RAW_DATA!$K$31 -> 29.411765 | H9: =100*(RAW_DATA!L9-RAW_DATA!$L$30)/RAW_DATA!$L$31 -> 25 | I9: =100*(RAW_DATA!M9-RAW_DATA!$M$30)/RAW_DATA!$M$31 -> 20.872445 | J9: =100*(RAW_DATA!N9-RAW_DATA!$N$30)/RAW_DATA!$N$31 -> 100 | K9: =(RAW_DATA!O9-AVERAGE(RAW_DATA!$O$2:$O$26))/_xlfn.STDEV.P(RAW_DATA!$O$2:$O$26) -> 1.1202511 | L9: =100*(K9-$K$30)/$K$31 -> 90.521502 | M9: =100*(RAW_DATA!R9-RAW_DATA!$R$30)/RAW_DATA!$R$31 -> 28.284374 | N9: =100*(RAW_DATA!S9-RAW_DATA!$S$30)/RAW_DATA!$S$31 -> 23.138833 | O9: =100*(RAW_DATA!T9-RAW_DATA!$T$30)/RAW_DATA!$T$31 -> 100 | P9: =(RAW_DATA!U9-AVERAGE(RAW_DATA!$U$2:$U$26))/_xlfn.STDEV.P(RAW_DATA!$U$2:$U$26) -> 1.2768226 | Q9: =100*(P9-$P$30)/$P$31 -> 86.648914 | R9: =100*(RAW_DATA!X9-RAW_DATA!$X$30)/RAW_DATA!$X$31 -> 34.251622 | S9: =RAW_DATA!Y9-100 -> 17 | T9: =(S9-AVERAGE($S$2:$S$26))/_xlfn.STDEV.P($S$2:$S$26) -> 0.52165958 | U9: =100*(T9-$T$30)/$T$31 -> 57.692308 | V9: =100*(RAW_DATA!Z9-RAW_DATA!$Z$30)/RAW_DATA!$Z$31 -> 37.320917 | W9: =100*(RAW_DATA!AA9-MIN(RAW_DATA!$AA$2:RAW_DATA!$AA$26))/(MAX(RAW_DATA!$AA$2:RAW_DATA!$AA$26)-MIN(RAW_DATA!$AA$2:RAW_DATA!$AA$26)) -> 76.811594 | X9: =(RAW_DATA!AB9-AVERAGE(RAW_DATA!$AB$2:RAW_DATA!$AB$26))/_xlfn.STDEV.P(RAW_DATA!$AB$2:RAW_DATA!$AB$26) -> 0.5652905 | Y9: =100*(X9-$X$30)/$X$31 -> 62.5 | Z9: =100*(RAW_DATA!AC9-RAW_DATA!$AC$30)/RAW_DATA!$AC$31 -> 44.444444 | AA9: =100*(RAW_DATA!AD9-RAW_DATA!$AD$30)/RAW_DATA!$AD$31 -> 67.427646
A10: Dan Marino | B10: =100*(RAW_DATA!B10-RAW_DATA!$B$30)/RAW_DATA!$B$31 -> 0 | C10: =100*(RAW_DATA!F10-RAW_DATA!$F$30)/RAW_DATA!$F$31 -> 19.444444 | D10: =100*(RAW_DATA!G10-RAW_DATA!$G$30)/RAW_DATA!$G$31 -> 0 | E10: =(RAW_DATA!H10-AVERAGE(RAW_DATA!$H$2:$H$26))/_xlfn.STDEV.P(RAW_DATA!$H$2:$H$26) -> -0.49190837 | F10: =100*(E10-$E$30)/$E$31 -> 16.812227 | G10: =100*(RAW_DATA!K10-RAW_DATA!$K$30)/RAW_DATA!$K$31 -> 52.941176 | H10: =100*(RAW_DATA!L10-RAW_DATA!$L$30)/RAW_DATA!$L$31 -> 50 | I10: =100*(RAW_DATA!M10-RAW_DATA!$M$30)/RAW_DATA!$M$31 -> 58.630882 | J10: =100*(RAW_DATA!N10-RAW_DATA!$N$30)/RAW_DATA!$N$31 -> 80.073937 | K10: =(RAW_DATA!O10-AVERAGE(RAW_DATA!$O$2:$O$26))/_xlfn.STDEV.P(RAW_DATA!$O$2:$O$26) -> 0.80757463 | L10: =100*(K10-$K$30)/$K$31 -> 82.30932 | M10: =100*(RAW_DATA!R10-RAW_DATA!$R$30)/RAW_DATA!$R$31 -> 31.238861 | N10: =100*(RAW_DATA!S10-RAW_DATA!$S$30)/RAW_DATA!$S$31 -> 53.923541 | O10: =100*(RAW_DATA!T10-RAW_DATA!$T$30)/RAW_DATA!$T$31 -> 73.913043 | P10: =(RAW_DATA!U10-AVERAGE(RAW_DATA!$U$2:$U$26))/_xlfn.STDEV.P(RAW_DATA!$U$2:$U$26) -> 0.80711013 | Q10: =100*(P10-$P$30)/$P$31 -> 76.846297 | R10: =100*(RAW_DATA!X10-RAW_DATA!$X$30)/RAW_DATA!$X$31 -> 33.510681 | S10: =RAW_DATA!Y10-100 -> 19 | T10: =(S10-AVERAGE($S$2:$S$26))/_xlfn.STDEV.P($S$2:$S$26) -> 0.85182387 | U10: =100*(T10-$T$30)/$T$31 -> 65.384615 | V10: =100*(RAW_DATA!Z10-RAW_DATA!$Z$30)/RAW_DATA!$Z$31 -> 0 | W10: =100*(RAW_DATA!AA10-MIN(RAW_DATA!$AA$2:RAW_DATA!$AA$26))/(MAX(RAW_DATA!$AA$2:RAW_DATA!$AA$26)-MIN(RAW_DATA!$AA$2:RAW_DATA!$AA$26)) -> 94.202899 | X10: =(RAW_DATA!AB10-AVERAGE(RAW_DATA!$AB$2:RAW_DATA!$AB$26))/_xlfn.STDEV.P(RAW_DATA!$AB$2:RAW_DATA!$AB$26) -> 1.1926939 | Y10: =100*(X10-$X$30)/$X$31 -> 80.357143 | Z10: =100*(RAW_DATA!AC10-RAW_DATA!$AC$30)/RAW_DATA!$AC$31 -> 66.666667 | AA10: =100*(RAW_DATA!AD10-RAW_DATA!$AD$30)/RAW_DATA!$AD$31 -> 50.473773
A11: John Elway | B11: =100*(RAW_DATA!B11-RAW_DATA!$B$30)/RAW_DATA!$B$31 -> 28.571429 | C11: =100*(RAW_DATA!F11-RAW_DATA!$F$30)/RAW_DATA!$F$31 -> 45.833333 | D11: =100*(RAW_DATA!G11-RAW_DATA!$G$30)/RAW_DATA!$G$31 -> 20 | E11: =(RAW_DATA!H11-AVERAGE(RAW_DATA!$H$2:$H$26))/_xlfn.STDEV.P(RAW_DATA!$H$2:$H$26) -> -0.34541018 | F11: =100*(E11-$E$30)/$E$31 -> 20.742358 | G11: =100*(RAW_DATA!K11-RAW_DATA!$K$30)/RAW_DATA!$K$31 -> 17.647059 | H11: =100*(RAW_DATA!L11-RAW_DATA!$L$30)/RAW_DATA!$L$31 -> 50 | I11: =100*(RAW_DATA!M11-RAW_DATA!$M$30)/RAW_DATA!$M$31 -> 43.94754 | J11: =100*(RAW_DATA!N11-RAW_DATA!$N$30)/RAW_DATA!$N$31 -> 59.001848 | K11: =(RAW_DATA!O11-AVERAGE(RAW_DATA!$O$2:$O$26))/_xlfn.STDEV.P(RAW_DATA!$O$2:$O$26) -> -0.69156382 | L11: =100*(K11-$K$30)/$K$31 -> 42.935723 | M11: =100*(RAW_DATA!R11-RAW_DATA!$R$30)/RAW_DATA!$R$31 -> 37.616295 | N11: =100*(RAW_DATA!S11-RAW_DATA!$S$30)/RAW_DATA!$S$31 -> 29.778672 | O11: =100*(RAW_DATA!T11-RAW_DATA!$T$30)/RAW_DATA!$T$31 -> 39.130435 | P11: =(RAW_DATA!U11-AVERAGE(RAW_DATA!$U$2:$U$26))/_xlfn.STDEV.P(RAW_DATA!$U$2:$U$26) -> -1.0992879 | Q11: =100*(P11-$P$30)/$P$31 -> 37.060914 | R11: =100*(RAW_DATA!X11-RAW_DATA!$X$30)/RAW_DATA!$X$31 -> 28.926988 | S11: =RAW_DATA!Y11-100 -> 6 | T11: =(S11-AVERAGE($S$2:$S$26))/_xlfn.STDEV.P($S$2:$S$26) -> -1.294244 | U11: =100*(T11-$T$30)/$T$31 -> 15.384615 | V11: =100*(RAW_DATA!Z11-RAW_DATA!$Z$30)/RAW_DATA!$Z$31 -> 25.501433 | W11: =100*(RAW_DATA!AA11-MIN(RAW_DATA!$AA$2:RAW_DATA!$AA$26))/(MAX(RAW_DATA!$AA$2:RAW_DATA!$AA$26)-MIN(RAW_DATA!$AA$2:RAW_DATA!$AA$26)) -> 56.521739 | X11: =(RAW_DATA!AB11-AVERAGE(RAW_DATA!$AB$2:RAW_DATA!$AB$26))/_xlfn.STDEV.P(RAW_DATA!$AB$2:RAW_DATA!$AB$26) -> -1.160069 | Y11: =100*(X11-$X$30)/$X$31 -> 13.392857 | Z11: =100*(RAW_DATA!AC11-RAW_DATA!$AC$30)/RAW_DATA!$AC$31 -> 0 | AA11: =100*(RAW_DATA!AD11-RAW_DATA!$AD$30)/RAW_DATA!$AD$31 -> 75.575581
A12: Terry Bradshaw | B12: =100*(RAW_DATA!B12-RAW_DATA!$B$30)/RAW_DATA!$B$31 -> 57.142857 | C12: =100*(RAW_DATA!F12-RAW_DATA!$F$30)/RAW_DATA!$F$31 -> 38.888889 | D12: =100*(RAW_DATA!G12-RAW_DATA!$G$30)/RAW_DATA!$G$31 -> 40 | E12: =(RAW_DATA!H12-AVERAGE(RAW_DATA!$H$2:$H$26))/_xlfn.STDEV.P(RAW_DATA!$H$2:$H$26) -> -0.71979445 | F12: =100*(E12-$E$30)/$E$31 -> 10.69869 | G12: =100*(RAW_DATA!K12-RAW_DATA!$K$30)/RAW_DATA!$K$31 -> 11.764706 | H12: =100*(RAW_DATA!L12-RAW_DATA!$L$30)/RAW_DATA!$L$31 -> 0 | I12: =100*(RAW_DATA!M12-RAW_DATA!$M$30)/RAW_DATA!$M$31 -> 9.0645794 | J12: =100*(RAW_DATA!N12-RAW_DATA!$N$30)/RAW_DATA!$N$31 -> 25.434381 | K12: =(RAW_DATA!O12-AVERAGE(RAW_DATA!$O$2:$O$26))/_xlfn.STDEV.P(RAW_DATA!$O$2:$O$26) -> -1.1573386 | L12: =100*(K12-$K$30)/$K$31 -> 30.702545 | M12: =100*(RAW_DATA!R12-RAW_DATA!$R$30)/RAW_DATA!$R$31 -> 69.299697 | N12: =100*(RAW_DATA!S12-RAW_DATA!$S$30)/RAW_DATA!$S$31 -> 12.072435 | O12: =100*(RAW_DATA!T12-RAW_DATA!$T$30)/RAW_DATA!$T$31 -> 34.782609 | P12: =(RAW_DATA!U12-AVERAGE(RAW_DATA!$U$2:$U$26))/_xlfn.STDEV.P(RAW_DATA!$U$2:$U$26) -> -0.40050214 | Q12: =100*(P12-$P$30)/$P$31 -> 51.644153 | R12: =100*(RAW_DATA!X12-RAW_DATA!$X$30)/RAW_DATA!$X$31 -> 50.573101 | S12: =RAW_DATA!Y12-100 -> 7 | T12: =(S12-AVERAGE($S$2:$S$26))/_xlfn.STDEV.P($S$2:$S$26) -> -1.1291619 | U12: =100*(T12-$T$30)/$T$31 -> 19.230769 | V12: =100*(RAW_DATA!Z12-RAW_DATA!$Z$30)/RAW_DATA!$Z$31 -> 23.352436 | W12: =100*(RAW_DATA!AA12-MIN(RAW_DATA!$AA$2:RAW_DATA!$AA$26))/(MAX(RAW_DATA!$AA$2:RAW_DATA!$AA$26)-MIN(RAW_DATA!$AA$2:RAW_DATA!$AA$26)) -> 24.637681 | X12: =(RAW_DATA!AB12-AVERAGE(RAW_DATA!$AB$2:RAW_DATA!$AB$26))/_xlfn.STDEV.P(RAW_DATA!$AB$2:RAW_DATA!$AB$26) -> -0.50129535 | Y12: =100*(X12-$X$30)/$X$31 -> 32.142857 | Z12: =100*(RAW_DATA!AC12-RAW_DATA!$AC$30)/RAW_DATA!$AC$31 -> 33.333333 | AA12: =100*(RAW_DATA!AD12-RAW_DATA!$AD$30)/RAW_DATA!$AD$31 -> 100
A13: Steve Young | B13: =100*(RAW_DATA!B13-RAW_DATA!$B$30)/RAW_DATA!$B$31 -> 14.285714 | C13: =100*(RAW_DATA!F13-RAW_DATA!$F$30)/RAW_DATA!$F$31 -> 38.888889 | D13: =100*(RAW_DATA!G13-RAW_DATA!$G$30)/RAW_DATA!$G$31 -> 20 | E13: =(RAW_DATA!H13-AVERAGE(RAW_DATA!$H$2:$H$26))/_xlfn.STDEV.P(RAW_DATA!$H$2:$H$26) -> 0.33010926 | F13: =100*(E13-$E$30)/$E$31 -> 38.864629 | G13: =100*(RAW_DATA!K13-RAW_DATA!$K$30)/RAW_DATA!$K$31 -> 52.941176 | H13: =100*(RAW_DATA!L13-RAW_DATA!$L$30)/RAW_DATA!$L$31 -> 33.333333 | I13: =100*(RAW_DATA!M13-RAW_DATA!$M$30)/RAW_DATA!$M$31 -> 16.691421 | J13: =100*(RAW_DATA!N13-RAW_DATA!$N$30)/RAW_DATA!$N$31 -> 43.918669 | K13: =(RAW_DATA!O13-AVERAGE(RAW_DATA!$O$2:$O$26))/_xlfn.STDEV.P(RAW_DATA!$O$2:$O$26) -> -0.69026993 | L13: =100*(K13-$K$30)/$K$31 -> 42.969706 | M13: =100*(RAW_DATA!R13-RAW_DATA!$R$30)/RAW_DATA!$R$31 -> 56.575876 | N13: =100*(RAW_DATA!S13-RAW_DATA!$S$30)/RAW_DATA!$S$31 -> 16.096579 | O13: =100*(RAW_DATA!T13-RAW_DATA!$T$30)/RAW_DATA!$T$31 -> 43.478261 | P13: =(RAW_DATA!U13-AVERAGE(RAW_DATA!$U$2:$U$26))/_xlfn.STDEV.P(RAW_DATA!$U$2:$U$26) -> 0.12791519 | Q13: =100*(P13-$P$30)/$P$31 -> 62.671906 | R13: =100*(RAW_DATA!X13-RAW_DATA!$X$30)/RAW_DATA!$X$31 -> 31.119275 | S13: =RAW_DATA!Y13-100 -> 22 | T13: =(S13-AVERAGE($S$2:$S$26))/_xlfn.STDEV.P($S$2:$S$26) -> 1.3470703 | U13: =100*(T13-$T$30)/$T$31 -> 76.923077 | V13: =100*(RAW_DATA!Z13-RAW_DATA!$Z$30)/RAW_DATA!$Z$31 -> 44.305158 | W13: =100*(RAW_DATA!AA13-MIN(RAW_DATA!$AA$2:RAW_DATA!$AA$26))/(MAX(RAW_DATA!$AA$2:RAW_DATA!$AA$26)-MIN(RAW_DATA!$AA$2:RAW_DATA!$AA$26)) -> 60.869565 | X13: =(RAW_DATA!AB13-AVERAGE(RAW_DATA!$AB$2:RAW_DATA!$AB$26))/_xlfn.STDEV.P(RAW_DATA!$AB$2:RAW_DATA!$AB$26) -> 1.8828377 | Y13: =100*(X13-$X$30)/$X$31 -> 100 | Z13: =100*(RAW_DATA!AC13-RAW_DATA!$AC$30)/RAW_DATA!$AC$31 -> 66.666667 | AA13: =100*(RAW_DATA!AD13-RAW_DATA!$AD$30)/RAW_DATA!$AD$31 -> 54.339296
... A26: Ken Stabler | B26: =100*(RAW_DATA!B26-RAW_DATA!$B$30)/RAW_DATA!$B$31 -> 14.285714 | C26: =100*(RAW_DATA!F26-RAW_DATA!$F$30)/RAW_DATA!$F$31 -> 19.444444 | D26: =100*(RAW_DATA!G26-RAW_DATA!$G$30)/RAW_DATA!$G$31 -> 0 | E26: =(RAW_DATA!H26-AVERAGE(RAW_DATA!$H$2:$H$26))/_xlfn.STDEV.P(RAW_DATA!$H$2:$H$26) -> -0.58143504 | F26: =100*(E26-$E$30)/$E$31 -> 14.41048 | G26: =100*(RAW_DATA!K26-RAW_DATA!$K$30)/RAW_DATA!$K$31 -> 17.647059 | H26: =100*(RAW_DATA!L26-RAW_DATA!$L$30)/RAW_DATA!$L$31 -> 8.3333333 | I26: =100*(RAW_DATA!M26-RAW_DATA!$M$30)/RAW_DATA!$M$31 -> 8.9888308 | J26: =100*(RAW_DATA!N26-RAW_DATA!$N$30)/RAW_DATA!$N$31 -> 16.155268 | K26: =(RAW_DATA!O26-AVERAGE(RAW_DATA!$O$2:$O$26))/_xlfn.STDEV.P(RAW_DATA!$O$2:$O$26) -> -0.6270518 | L26: =100*(K26-$K$30)/$K$31 -> 44.630076 | M26: =100*(RAW_DATA!R26-RAW_DATA!$R$30)/RAW_DATA!$R$31 -> 91.18017 | N26: =100*(RAW_DATA!S26-RAW_DATA!$S$30)/RAW_DATA!$S$31 -> 8.4507042 | O26: =100*(RAW_DATA!T26-RAW_DATA!$T$30)/RAW_DATA!$T$31 -> 21.73913 | P26: =(RAW_DATA!U26-AVERAGE(RAW_DATA!$U$2:$U$26))/_xlfn.STDEV.P(RAW_DATA!$U$2:$U$26) -> -0.33680992 | Q26: =100*(P26-$P$30)/$P$31 -> 52.973371 | R26: =100*(RAW_DATA!X26-RAW_DATA!$X$30)/RAW_DATA!$X$31 -> 60.65691 | S26: =RAW_DATA!Y26-100 -> 2 | T26: =(S26-AVERAGE($S$2:$S$26))/_xlfn.STDEV.P($S$2:$S$26) -> -1.9545726 | U26: =100*(T26-$T$30)/$T$31 -> 0 | V26: =100*(RAW_DATA!Z26-RAW_DATA!$Z$30)/RAW_DATA!$Z$31 -> 0.26862464 | W26: =100*(RAW_DATA!AA26-MIN(RAW_DATA!$AA$2:RAW_DATA!$AA$26))/(MAX(RAW_DATA!$AA$2:RAW_DATA!$AA$26)-MIN(RAW_DATA!$AA$2:RAW_DATA!$AA$26)) -> 0 | X26: =(RAW_DATA!AB26-AVERAGE(RAW_DATA!$AB$2:RAW_DATA!$AB$26))/_xlfn.STDEV.P(RAW_DATA!$AB$2:RAW_DATA!$AB$26) -> -0.43855501 | Y26: =100*(X26-$X$30)/$X$31 -> 33.928571 | Z26: =100*(RAW_DATA!AC26-RAW_DATA!$AC$30)/RAW_DATA!$AC$31 -> 22.222222 | AA26: =100*(RAW_DATA!AD26-RAW_DATA!$AD$30)/RAW_DATA!$AD$31 -> 86.998702
A29: MAX | B29: =MAX(B2:B26) -> 100 | C29: =MAX(C2:C26) -> 100 | D29: =MAX(D2:D26) -> 100 | E29: =MAX(E2:E26) -> 2.60897 | F29: =MAX(F2:F26) -> 100 | G29: =MAX(G2:G26) -> 100 | H29: =MAX(H2:H26) -> 100 | I29: =MAX(I2:I26) -> 100 | ... AA29: =MAX(AA2:AA26) -> 100
A30: MIN | B30: =MIN(B2:B26) -> 0 | C30: =MIN(C2:C26) -> 0 | D30: =MIN(D2:D26) -> 0 | E30: =MIN(E2:E26) -> -1.1185951 | F30: =MIN(F2:F26) -> 0 | G30: =MIN(G2:G26) -> 0 | H30: =MIN(H2:H26) -> 0 | I30: =MIN(I2:I26) -> 0 | ... AA30: =MIN(AA2:AA26) -> 0
A31: DIFF | B31: =B29-B30 -> 100 | C31: =C29-C30 -> 100 | D31: =D29-D30 -> 100 | E31: =E29-E30 -> 3.7275651 | F31: =F29-F30 -> 100 | G31: =G29-G30 -> 100 | H31: =H29-H30 -> 100 | I31: =I29-I30 -> 100 | ... AA31: =AA29-AA30 -> 100
A32: MAX ADJUST
T33: AY/A+
S34: Otto | T34: 129
S35: Sammy | T35: 118
S36: Y.A. | T36: 109

Sheet DATA_LEAGUE_AVG
A1: Year | B1: Tms | C1: Yds | D1: TD | E1: Yds per Game | F1: TDs per Game | G1: Cmp | H1: Att | I1: Cmp% | J1: Yds 2 | K1: TD 2 | L1: TD% | M1: Int | N1: Int% | O1: Y/A | P1: AY/A | Q1: Y/C | R1: Y/G | S1: Rate | T1: Sk | U1: Yds 3 | V1: Sk% | W1: NY/A | X1: ANY/A
A2: 2025 | B2: 32 | C2: 3564.9 | D2: 25.3 | E2: 209.7 | F2: 1.5 | G2: 350.5 | H2: 545 | I2: 64.3 | J2: 3564.9 | K2: 25.3 | L2: 4.7 | M2: 11.9 | N2: 2.2 | O2: 7 | P2: 7 | Q2: 10.9 | R2: 209.7 | S2: 91.4 | T2: 40.2 | U2: 260.5 | V2: 6.9 | W2: 6.09 | X2: 6
A3: 2024 | B3: 32 | C3: 3699.5 | D3: 25.3 | E3: 217.6 | F3: 1.5 | G3: 363.4 | H3: 556.6 | I3: 65.3 | J3: 3699.5 | K3: 25.3 | L3: 4.5 | M3: 12.1 | N3: 2.2 | O3: 7.1 | P3: 7.1 | Q3: 10.9 | R3: 217.6 | S3: 92.3 | T3: 41.1 | U3: 270 | V3: 6.9 | W3: 6.19 | X3: 6.1
A4: 2023 | B4: 32 | C4: 3721.7 | D4: 23.6 | E4: 218.9 | F4: 1.4 | G4: 369 | H4: 572.3 | I4: 64.5 | J4: 3721.7 | K4: 23.6 | L4: 4.1 | M4: 13.4 | N4: 2.3 | O4: 7 | P4: 6.8 | Q4: 10.9 | R4: 218.9 | S4: 89 | T4: 44.1 | U4: 296 | V4: 7.1 | W4: 6.04 | X4: 5.8
A5: 2022 | B5: 32 | C5: 3701.2 | D5: 23.4 | E5: 218.5 | F5: 1.4 | G5: 362.7 | H5: 564.7 | I5: 64.2 | J5: 3701.2 | K5: 23.4 | L5: 4.2 | M5: 13.1 | N5: 2.3 | O5: 7 | P5: 6.8 | Q5: 10.9 | R5: 218.5 | S5: 89.1 | T5: 40.5 | U5: 268.7 | V5: 6.7 | W5: 6.12 | X5: 5.9
A6: 2021 | B6: 32 | C6: 3881.3 | D6: 26.3 | E6: 228.3 | F6: 1.5 | G6: 378.8 | H6: 584.8 | I6: 64.8 | J6: 3881.3 | K6: 26.3 | L6: 4.5 | M6: 13.8 | N6: 2.4 | O6: 7.1 | P6: 6.9 | Q6: 11 | R6: 228.3 | S6: 90.8 | T6: 38.9 | U6: 268.7 | V6: 6.2 | W6: 6.22 | X6: 6.1
A7: 2020 | B7: 32 | C7: 3842.4 | D7: 27.2 | E7: 240.2 | F7: 1.7 | G7: 367.4 | H7: 563.1 | I7: 65.2 | J7: 3842.4 | K7: 27.2 | L7: 4.8 | M7: 12.3 | N7: 2.2 | O7: 7.2 | P7: 7.2 | Q7: 11.1 | R7: 240.2 | S7: 93.6 | T7: 35.5 | U7: 235.7 | V7: 5.9 | W7: 6.42 | X7: 6.4
A8: 2019 | B8: 32 | C8: 3759.4 | D8: 24.9 | E8: 235 | F8: 1.6 | G8: 354.1 | H8: 557.9 | I8: 63.5 | J8: 3759.4 | K8: 24.9 | L8: 4.5 | M8: 12.8 | N8: 2.3 | O8: 7.2 | P8: 7.1 | Q8: 11.4 | R8: 235 | S8: 90.4 | T8: 39.9 | U8: 269.1 | V8: 6.7 | W8: 6.29 | X8: 6.2
A9: 2018 | B9: 32 | C9: 3804.3 | D9: 26.5 | E9: 237.8 | F9: 1.7 | G9: 358.2 | H9: 552.2 | I9: 64.9 | J9: 3804.3 | K9: 26.5 | L9: 4.8 | M9: 13.1 | N9: 2.4 | O9: 7.4 | P9: 7.3 | Q9: 11.4 | R9: 237.8 | S9: 92.9 | T9: 40 | U9: 266.6 | V9: 6.8 | W9: 6.42 | X9: 6.3
A10: 2017 | B10: 32 | C10: 3589.7 | D10: 23.2 | E10: 224.4 | F10: 1.4 | G10: 339.3 | H10: 546.5 | I10: 62.1 | J10: 3589.7 | K10: 23.2 | L10: 4.2 | M10: 13.4 | N10: 2.5 | O10: 7 | P10: 6.8 | Q10: 11.3 | R10: 224.4 | S10: 86.9 | T10: 37.3 | U10: 244.1 | V10: 6.4 | W10: 6.15 | X10: 5.9
A11: 2016 | B11: 32 | C11: 3863.7 | D11: 24.6 | E11: 241.5 | F11: 1.5 | G11: 360.2 | H11: 571.7 | I11: 63 | J11: 3863.7 | K11: 24.6 | L11: 4.3 | M11: 13 | N11: 2.3 | O11: 7.2 | P11: 7 | Q11: 11.4 | R11: 241.5 | S11: 89.3 | T11: 34.9 | U11: 225.8 | V11: 5.8 | W11: 6.37 | X11: 6.2
A12: 2015 | B12: 32 | C12: 3901.1 | D12: 26.3 | E12: 243.8 | F12: 1.6 | G12: 360.2 | H12: 571.8 | I12: 63 | J12: 3901.1 | K12: 26.3 | L12: 4.6 | M12: 13.6 | N12: 2.4 | O12: 7.3 | P12: 7.1 | Q12: 11.5 | R12: 243.8 | S12: 90.2 | T12: 37.1 | U12: 245.4 | V12: 6.1 | W12: 6.41 | X12: 6.3
A13: 2014 | B13: 32 | C13: 3789 | D13: 25.2 | E13: 236.8 | F13: 1.6 | G13: 350 | H13: 558.7 | I13: 62.6 | J13: 3789 | K13: 25.2 | L13: 4.5 | M13: 14.1 | N13: 2.5 | O13: 7.2 | P13: 7 | Q13: 11.5 | R13: 236.8 | S13: 88.9 | T13: 37.9 | U13: 239.1 | V13: 6.3 | W13: 6.35 | X13: 6.1
... A78: 1949 | B78: 10 | C78: 1932.4 | D78: 16.8 | E78: 161 | F78: 1.4 | G78: 152.7 | H78: 327.5 | I78: 46.6 | J78: 1932.4 | K78: 16.8 | L78: 5.1 | M78: 24.7 | N78: 7.5 | O78: 6.5 | P78: 4.2 | Q78: 14 | R78: 161 | S78: 53.9 | T78: 0 | U78: 211.2 | V78: 0 | W78: 5.9 | X78: 3.5
A79: 1948 | B79: 10 | C79: 2087.1 | D79: 19.6 | E79: 173.9 | F79: 1.6 | G79: 149.8 | H79: 311.6 | I79: 48.1 | J79: 2087.1 | K79: 19.6 | L79: 6.3 | M79: 23.2 | N79: 7.4 | O79: 7.3 | P79: 5.2 | Q79: 15.1 | R79: 173.9 | S79: 62.4
A80: 1947 | B80: 10 | C80: 2167 | D80: 18.8 | E80: 180.6 | F80: 1.6 | G80: 140.6 | H80: 299.1 | I80: 47 | J80: 2167 | K80: 18.8 | L80: 6.3 | M80: 25 | N80: 8.4 | O80: 7.9 | P80: 5.4 | Q80: 16.7 | R80: 180.6 | S80: 60.1
A81: 1946 | B81: 10 | C81: 1573.6 | D81: 12.6 | E81: 143.1 | F81: 1.1 | G81: 104.9 | H81: 234.1 | I81: 44.8 | J81: 1573.6 | K81: 12.6 | L81: 5.4 | M81: 21.2 | N81: 9.1 | O81: 6.7 | P81: 3.7 | Q81: 15 | R81: 143.1 | S81: 47.6
A82: 1945 | B82: 10 | C82: 1437.7 | D82: 10.9 | E82: 143.8 | F82: 1.1 | G82: 96.1 | H82: 210.7 | I82: 45.6 | J82: 1437.7 | K82: 10.9 | L82: 5.2 | M82: 19.3 | N82: 9.2 | O82: 6.8 | P82: 3.7 | Q82: 15 | R82: 143.8 | S82: 47.6
A83: 1944 | B83: 11 | C83: 1175 | D83: 10.6 | E83: 129.3 | F83: 1.2 | G83: 82.4 | H83: 192.2 | I83: 42.9 | J83: 1175 | K83: 10.6 | L83: 5.5 | M83: 21.3 | N83: 11.1 | O83: 6.1 | P83: 2.2 | Q83: 14.3 | R83: 129.3 | S83: 42.1
A84: 1943 | B84: 10 | C84: 1130.8 | D84: 11.4 | E84: 141.4 | F84: 1.4 | G84: 76.9 | H84: 173.2 | I84: 44.4 | J84: 1130.8 | K84: 11.4 | L84: 6.6 | M84: 18.2 | N84: 10.5 | O84: 6.5 | P84: 3.1 | Q84: 14.7 | R84: 141.4 | S84: 48.6
A85: 1942 | B85: 10 | C85: 1361.8 | D85: 10.8 | E85: 123.8 | F85: 1 | G85: 98.6 | H85: 224.9 | I85: 43.8 | J85: 1361.8 | K85: 10.8 | L85: 4.8 | M85: 21.9 | N85: 9.7 | O85: 6.1 | P85: 2.6 | Q85: 13.8 | R85: 123.8 | S85: 40.3
A86: 1941 | B86: 10 | C86: 1339.7 | D86: 9.9 | E86: 121.8 | F86: 0.9 | G86: 97.8 | H86: 221 | I86: 44.3 | J86: 1339.7 | K86: 9.9 | L86: 4.5 | M86: 22 | N86: 10 | O86: 6.1 | P86: 2.5 | Q86: 13.7 | R86: 121.8 | S86: 39.6
A87: 1940 | B87: 10 | C87: 1378.8 | D87: 10 | E87: 125.3 | F87: 0.9 | G87: 96.8 | H87: 225.4 | I87: 42.9 | J87: 1378.8 | K87: 10 | L87: 4.4 | M87: 22.3 | N87: 9.9 | O87: 6.1 | P87: 2.6 | Q87: 14.2 | R87: 125.3 | S87: 38.6
A88: 1939 | B88: 10 | C88: 1416.8 | D88: 9.9 | E88: 128.8 | F88: 0.9 | G88: 95.2 | H88: 223.8 | I88: 42.5 | J88: 1416.8 | K88: 9.9 | L88: 4.4 | M88: 20.9 | N88: 9.3 | O88: 6.3 | P88: 3 | Q88: 14.9 | R88: 128.8 | S88: 39.7
A89: 1938 | B89: 10 | C89: 1164.1 | D89: 9.3 | E89: 105.8 | F89: 0.8 | G89: 82.4 | H89: 203 | I89: 40.6 | J89: 1164.1 | K89: 9.3 | L89: 4.6 | M89: 22.1 | N89: 10.9 | O89: 5.7 | P89: 1.8 | Q89: 14.1 | R89: 105.8 | S89: 35.5
A90: 1937 | B90: 10 | C90: 1022.7 | D90: 9 | E90: 93 | F90: 0.8 | G90: 69.7 | H90: 181.5 | I90: 38.4 | J90: 1022.7 | K90: 9 | L90: 5 | M90: 20.6 | N90: 11.3 | O90: 5.6 | P90: 1.5 | Q90: 14.7 | R90: 93 | S90: 34.5
... A95: 1932 | B95: 8 | C95: 662.5 | D95: 5.3 | E95: 55.2 | F95: 0.4 | G95: 46.5 | H95: 130.5 | I95: 35.6 | J95: 662.5 | K95: 5.3 | L95: 4 | M95: 12.3 | N95: 9.4 | O95: 5.1 | P95: 1.7 | Q95: 14.2 | R95: 55.2 | S95: 27.2

Sheet DATA_QB_SEASONS
A1: Quarterback | B1: Season | C1: League Average Attempts | D1: Include Season? | E1: Age | F1: Team | G1: Lg | H1: Pos | I1: League Average Yards | J1: League Average Touchdowns | K1: Adjusted Yards per Season | L1: Adjusted Touchdowns per Season | M1: G | N1: GS | O1: QBrec | P1: Cmp | Q1: Att | R1: Cmp% | S1: Yds | T1: TD | U1: TD% | V1: Int | W1: Int% | X1: 1D | Y1: Succ% | Z1: Lng | AA1: Y/A | AB1: AY/A | AC1: Y/C | AD1: Y/G | AE1: Rate | AF1: Sk | AG1: Yds | AH1: Sk% | AI1: NY/A | AJ1: ANY/A | AK1: 4QC | AL1: GWD | AM1: AV
A2: Tom Brady | B2: Season | C2: {=xlookup(B2,DATA_LEAGUE_AVG!A:A,DATA_LEAGUE_AVG!H:H)} -> #N/A | D2: =Q2>=(0.5)*C2 -> #N/A | E2: Age | F2: Team | G2: Lg | H2: Pos | I2: League Average Yards | J2: League Average Touchdowns | K2: Adjusted Yards per Season | L2: Adjusted Touchdowns per Season | M2: G | N2: GS | O2: QBrec | P2: Cmp | Q2: Att | R2: Cmp% | S2: Yds | T2: TD | U2: TD% | V2: Int | W2: Int% | X2: 1D | Y2: Succ% | Z2: Lng | AA2: Y/A | AB2: AY/A | AC2: Y/C | AD2: Y/G | AE2: Rate | AF2: Sk | AG2: Yds | AH2: Sk% | AI2: NY/A | AJ2: ANY/A | AK2: 4QC | AL2: GWD | AM2: AV | AN2: Awards
A3: Tom Brady | B3: 2001 | C3: {=xlookup(B3,DATA_LEAGUE_AVG!A:A,DATA_LEAGUE_AVG!H:H)} -> 522 | D3: =Q3>=(0.5)*C3 -> TRUE | E3: 24 | F3: NWE | G3: NFL | H3: QB | I3: {=xlookup(B3,DATA_LEAGUE_AVG!A:A,DATA_LEAGUE_AVG!C:C)} -> 3292.9 | J3: {=xlookup(B3,DATA_LEAGUE_AVG!A:A,DATA_LEAGUE_AVG!D:D)} -> 20.5 | K3: =S3/I3 -> 0.86337271 | L3: =T3/J3 -> 0.87804878 | M3: 15 | N3: 14 | O3: 36833 | P3: 264 | Q3: 413 | R3: 63.9 | S3: 2843 | T3: 18 | U3: 4.4 | V3: 12 | W3: 2.9 | X3: 145 | Y3: 45.6 | Z3: 91 | AA3: 6.9 | AB3: 6.45 | AC3: 10.8 | AD3: 189.5 | AE3: 86.5 | AF3: 41 | AG3: 216 | AH3: 9.03 | AI3: 5.79 | AJ3: 5.39 | AK3: 3 | AL3: 3 | AM3: 12
A4: Tom Brady | B4: 2002 | C4: {=xlookup(B4,DATA_LEAGUE_AVG!A:A,DATA_LEAGUE_AVG!H:H)} -> 540.4 | D4: =Q4>=(0.5)*C4 -> TRUE | E4: 25 | F4: NWE | G4: NFL | H4: QB | I4: {=xlookup(B4,DATA_LEAGUE_AVG!A:A,DATA_LEAGUE_AVG!C:C)} -> 3395.7 | J4: {=xlookup(B4,DATA_LEAGUE_AVG!A:A,DATA_LEAGUE_AVG!D:D)} -> 21.7 | K4: =S4/I4 -> 1.1084607 | L4: =T4/J4 -> 1.2903226 | M4: 16 | N4: 16 | O4: 36776 | P4: 373 | Q4: 601 | R4: 62.1 | S4: 3764 | T4: 28 | U4: 4.7 | V4: 14 | W4: 2.3 | X4: 185 | Y4: 46 | Z4: 49 | AA4: 6.3 | AB4: 6.15 | AC4: 10.1 | AD4: 235.3 | AE4: 85.7 | AF4: 31 | AG4: 190 | AH4: 4.91 | AI4: 5.66 | AJ4: 5.54 | AK4: 2 | AL4: 3 | AM4: 13
A5: Tom Brady | B5: 2003 | C5: {=xlookup(B5,DATA_LEAGUE_AVG!A:A,DATA_LEAGUE_AVG!H:H)} -> 515.4 | D5: =Q5>=(0.5)*C5 -> TRUE | E5: 26 | F5: NWE | G5: NFL | H5: QB | I5: {=xlookup(B5,DATA_LEAGUE_AVG!A:A,DATA_LEAGUE_AVG!C:C)} -> 3207.1 | J5: {=xlookup(B5,DATA_LEAGUE_AVG!A:A,DATA_LEAGUE_AVG!D:D)} -> 20.4 | K5: =S5/I5 -> 1.1287456 | L5: =T5/J5 -> 1.127451 | M5: 16 | N5: 16 | O5: 14-2-0 | P5: 317 | Q5: 527 | R5: 60.2 | S5: 3620 | T5: 23 | U5: 4.4 | V5: 12 | W5: 2.3 | X5: 175 | Y5: 43.1 | Z5: 82 | AA5: 6.9 | AB5: 6.72 | AC5: 11.4 | AD5: 226.3 | AE5: 85.9 | AF5: 32 | AG5: 219 | AH5: 5.72 | AI5: 6.08 | AJ5: 5.94 | AK5: 3 | AL5: 5 | AM5: 11
A6: Tom Brady | B6: 2004 | C6: {=xlookup(B6,DATA_LEAGUE_AVG!A:A,DATA_LEAGUE_AVG!H:H)} -> 511.1 | D6: =Q6>=(0.5)*C6 -> TRUE | E6: 27 | F6: NWE | G6: NFL | H6: QB | I6: {=xlookup(B6,DATA_LEAGUE_AVG!A:A,DATA_LEAGUE_AVG!C:C)} -> 3368.7 | J6: {=xlookup(B6,DATA_LEAGUE_AVG!A:A,DATA_LEAGUE_AVG!D:D)} -> 22.9 | K6: =S6/I6 -> 1.0959717 | L6: =T6/J6 -> 1.2227074 | M6: 16 | N6: 16 | O6: 14-2-0 | P6: 288 | Q6: 474 | R6: 60.8 | S6: 3692 | T6: 28 | U6: 5.9 | V6: 14 | W6: 3 | X6: 187 | Y6: 48 | Z6: 50 | AA6: 7.8 | AB6: 7.64 | AC6: 12.8 | AD6: 230.8 | AE6: 92.6 | AF6: 26 | AG6: 162 | AH6: 5.2 | AI6: 7.06 | AJ6: 6.92 | AK6: 0 | AL6: 1 | AM6: 16
A7: Tom Brady | B7: 2005 | C7: {=xlookup(B7,DATA_LEAGUE_AVG!A:A,DATA_LEAGUE_AVG!H:H)} -> 514.5 | D7: =Q7>=(0.5)*C7 -> TRUE | E7: 28 | F7: NWE | G7: NFL | H7: QB | I7: {=xlookup(B7,DATA_LEAGUE_AVG!A:A,DATA_LEAGUE_AVG!C:C)} -> 3255.3 | J7: {=xlookup(B7,DATA_LEAGUE_AVG!A:A,DATA_LEAGUE_AVG!D:D)} -> 20.1 | K7: =S7/I7 -> 1.2625564 | L7: =T7/J7 -> 1.2935323 | M7: 16 | N7: 16 | O7: 36805 | P7: 334 | Q7: 530 | R7: 63 | S7: 4110 | T7: 26 | U7: 4.9 | V7: 14 | W7: 2.6 | X7: 197 | Y7: 49.6 | Z7: 71 | AA7: 7.8 | AB7: 7.55 | AC7: 12.3 | AD7: 256.9 | AE7: 92.3 | AF7: 26 | AG7: 188 | AH7: 4.68 | AI7: 7.05 | AJ7: 6.86 | AK7: 3 | AL7: 4 | AM7: 15
A8: Tom Brady | B8: 2006 | C8: {=xlookup(B8,DATA_LEAGUE_AVG!A:A,DATA_LEAGUE_AVG!H:H)} -> 512.2 | D8: =Q8>=(0.5)*C8 -> TRUE | E8: 29 | F8: NWE | G8: NFL | H8: QB | I8: {=xlookup(B8,DATA_LEAGUE_AVG!A:A,DATA_LEAGUE_AVG!C:C)} -> 3277 | J8: {=xlookup(B8,DATA_LEAGUE_AVG!A:A,DATA_LEAGUE_AVG!D:D)} -> 20.3 | K8: =S8/I8 -> 1.0768996 | L8: =T8/J8 -> 1.182266 | M8: 16 | N8: 16 | O8: 36864 | P8: 319 | Q8: 516 | R8: 61.8 | S8: 3529 | T8: 24 | U8: 4.7 | V8: 12 | W8: 2.3 | X8: 176 | Y8: 47.4 | Z8: 62 | AA8: 6.8 | AB8: 6.72 | AC8: 11.1 | AD8: 220.6 | AE8: 87.9 | AF8: 26 | AG8: 175 | AH8: 4.8 | AI8: 6.19 | AJ8: 6.08 | AK8: 2 | AL8: 2 | AM8: 14
A9: Tom Brady | B9: 2007 | C9: {=xlookup(B9,DATA_LEAGUE_AVG!A:A,DATA_LEAGUE_AVG!H:H)} -> 532.7 | D9: =Q9>=(0.5)*C9 -> TRUE | E9: 30 | F9: NWE | G9: NFL | H9: QB | I9: {=xlookup(B9,DATA_LEAGUE_AVG!A:A,DATA_LEAGUE_AVG!C:C)} -> 3428.8 | J9: {=xlookup(B9,DATA_LEAGUE_AVG!A:A,DATA_LEAGUE_AVG!D:D)} -> 22.5 | K9: =S9/I9 -> 1.4016566 | L9: =T9/J9 -> 2.2222222 | M9: 16 | N9: 16 | O9: 16-0-0 | P9: 398 | Q9: 578 | R9: 68.9 | S9: 4806 | T9: 50 | U9: 8.7 | V9: 8 | W9: 1.4 | X9: 240 | Y9: 57.8 | Z9: 69 | AA9: 8.3 | AB9: 9.42 | AC9: 12.1 | AD9: 300.4 | AE9: 117.2 | AF9: 21 | AG9: 128 | AH9: 3.51 | AI9: 7.81 | AJ9: 8.88 | AK9: 4 | AL9: 4 | AM9: 23
A10: Tom Brady | B10: 2009 | C10: {=xlookup(B10,DATA_LEAGUE_AVG!A:A,DATA_LEAGUE_AVG!H:H)} -> 532.3 | D10: =Q10>=(0.5)*C10 -> TRUE | E10: 32 | F10: NWE | G10: NFL | H10: QB | I10: {=xlookup(B10,DATA_LEAGUE_AVG!A:A,DATA_LEAGUE_AVG!C:C)} -> 3495.3 | J10: {=xlookup(B10,DATA_LEAGUE_AVG!A:A,DATA_LEAGUE_AVG!D:D)} -> 22.2 | K10: =S10/I10 -> 1.2582611 | L10: =T10/J10 -> 1.2612613 | M10: 16 | N10: 16 | O10: 36805 | P10: 371 | Q10: 565 | R10: 65.7 | S10: 4398 | T10: 28 | U10: 5 | V10: 13 | W10: 2.3 | X10: 215 | Y10: 54.6 | Z10: 81 | AA10: 7.8 | AB10: 7.74 | AC10: 11.9 | AD10: 274.9 | AE10: 96.2 | AF10: 16 | AG10: 86 | AH10: 2.75 | AI10: 7.42 | AJ10: 7.38 | AK10: 1 | AL10: 1 | AM10: 17
A11: Tom Brady | B11: 2010 | C11: {=xlookup(B11,DATA_LEAGUE_AVG!A:A,DATA_LEAGUE_AVG!H:H)} -> 539.7 | D11: =Q11>=(0.5)*C11 -> TRUE | E11: 33 | F11: NWE | G11: NFL | H11: QB | I11: {=xlookup(B11,DATA_LEAGUE_AVG!A:A,DATA_LEAGUE_AVG!C:C)} -> 3544.8 | J11: {=xlookup(B11,DATA_LEAGUE_AVG!A:A,DATA_LEAGUE_AVG!D:D)} -> 23.5 | K11: =S11/I11 -> 1.1002031 | L11: =T11/J11 -> 1.5319149 | M11: 16 | N11: 16 | O11: 14-2-0 | P11: 324 | Q11: 492 | R11: 65.9 | S11: 3900 | T11: 36 | U11: 7.3 | V11: 4 | W11: 0.8 | X11: 189 | Y11: 50.1 | Z11: 79 | AA11: 7.9 | AB11: 9.02 | AC11: 12 | AD11: 243.8 | AE11: 111 | AF11: 25 | AG11: 175 | AH11: 4.84 | AI11: 7.21 | AJ11: 8.25 | AK11: 2 | AL11: 3 | AM11: 18
A12: Tom Brady | B12: 2011 | C12: {=xlookup(B12,DATA_LEAGUE_AVG!A:A,DATA_LEAGUE_AVG!H:H)} -> 544.1 | D12: =Q12>=(0.5)*C12 -> TRUE | E12: 34 | F12: NWE | G12: NFL | H12: QB | I12: {=xlookup(B12,DATA_LEAGUE_AVG!A:A,DATA_LEAGUE_AVG!C:C)} -> 3675 | J12: {=xlookup(B12,DATA_LEAGUE_AVG!A:A,DATA_LEAGUE_AVG!D:D)} -> 23.3 | K12: =S12/I12 -> 1.4244898 | L12: =T12/J12 -> 1.6738197 | M12: 16 | N12: 16 | O12: 13-3-0 | P12: 401 | Q12: 611 | R12: 65.6 | S12: 5235 | T12: 39 | U12: 6.4 | V12: 12 | W12: 2 | X12: 262 | Y12: 55.5 | Z12: 99 | AA12: 8.6 | AB12: 8.96 | AC12: 13.1 | AD12: 327.2 | AE12: 105.6 | AF12: 32 | AG12: 173 | AH12: 4.98 | AI12: 7.87 | AJ12: 8.25 | AK12: 1 | AL12: 2 | AM12: 21
A13: Tom Brady | B13: 2012 | C13: {=xlookup(B13,DATA_LEAGUE_AVG!A:A,DATA_LEAGUE_AVG!H:H)} -> 555.9 | D13: =Q13>=(0.5)*C13 -> TRUE | E13: 35 | F13: NWE | G13: NFL | H13: QB | I13: {=xlookup(B13,DATA_LEAGUE_AVG!A:A,DATA_LEAGUE_AVG!C:C)} -> 3700.6 | J13: {=xlookup(B13,DATA_LEAGUE_AVG!A:A,DATA_LEAGUE_AVG!D:D)} -> 23.7 | K13: =S13/I13 -> 1.3043831 | L13: =T13/J13 -> 1.4345992 | M13: 16 | N13: 16 | O13: 36864 | P13: 401 | Q13: 637 | R13: 63 | S13: 4827 | T13: 34 | U13: 5.3 | V13: 8 | W13: 1.3 | X13: 256 | Y13: 52.7 | Z13: 83 | AA13: 7.6 | AB13: 8.08 | AC13: 12 | AD13: 301.7 | AE13: 98.7 | AF13: 27 | AG13: 182 | AH13: 4.07 | AI13: 7 | AJ13: 7.48 | AK13: 1 | AL13: 2 | AM13: 19
A14: Tom Brady | B14: 2013 | C14: {=xlookup(B14,DATA_LEAGUE_AVG!A:A,DATA_LEAGUE_AVG!H:H)} -> 566.8 | D14: =Q14>=(0.5)*C14 -> TRUE | E14: 36 | F14: NWE | G14: NFL | H14: QB | I14: {=xlookup(B14,DATA_LEAGUE_AVG!A:A,DATA_LEAGUE_AVG!C:C)} -> 3769.6 | J14: {=xlookup(B14,DATA_LEAGUE_AVG!A:A,DATA_LEAGUE_AVG!D:D)} -> 25.1 | K14: =S14/I14 -> 1.1521116 | L14: =T14/J14 -> 0.99601594 | M14: 16 | N14: 16 | O14: 36864 | P14: 380 | Q14: 628 | R14: 60.5 | S14: 4343 | T14: 25 | U14: 4 | V14: 11 | W14: 1.8 | X14: 226 | Y14: 45.2 | Z14: 81 | AA14: 6.9 | AB14: 6.92 | AC14: 11.4 | AD14: 271.4 | AE14: 87.3 | AF14: 40 | AG14: 256 | AH14: 5.99 | AI14: 6.12 | AJ14: 6.13 | AK14: 5 | AL14: 5 | AM14: 13
A15: Tom Brady | B15: 2014 | C15: {=xlookup(B15,DATA_LEAGUE_AVG!A:A,DATA_LEAGUE_AVG!H:H)} -> 558.7 | D15: =Q15>=(0.5)*C15 -> TRUE | E15: 37 | F15: NWE | G15: NFL | H15: QB | I15: {=xlookup(B15,DATA_LEAGUE_AVG!A:A,DATA_LEAGUE_AVG!C:C)} -> 3789 | J15: {=xlookup(B15,DATA_LEAGUE_AVG!A:A,DATA_LEAGUE_AVG!D:D)} -> 25.2 | K15: =S15/I15 -> 1.084455 | L15: =T15/J15 -> 1.3095238 | M15: 16 | N15: 16 | O15: 36864 | P15: 373 | Q15: 582 | R15: 64.1 | S15: 4109 | T15: 33 | U15: 5.7 | V15: 9 | W15: 1.5 | X15: 221 | Y15: 49.1 | Z15: 69 | AA15: 7.1 | AB15: 7.5 | AC15: 11 | AD15: 256.8 | AE15: 97.4 | AF15: 21 | AG15: 134 | AH15: 3.48 | AI15: 6.59 | AJ15: 7.01 | AK15: 2 | AL15: 2 | AM15: 16
A16: Tom Brady | B16: 2015 | C16: {=xlookup(B16,DATA_LEAGUE_AVG!A:A,DATA_LEAGUE_AVG!H:H)} -> 571.8 | D16: =Q16>=(0.5)*C16 -> TRUE | E16: 38 | F16: NWE | G16: NFL | H16: QB | I16: {=xlookup(B16,DATA_LEAGUE_AVG!A:A,DATA_LEAGUE_AVG!C:C)} -> 3901.1 | J16: {=xlookup(B16,DATA_LEAGUE_AVG!A:A,DATA_LEAGUE_AVG!D:D)} -> 26.3 | K16: =S16/I16 -> 1.2227321 | L16: =T16/J16 -> 1.3688213 | M16: 16 | N16: 16 | O16: 36864 | P16: 402 | Q16: 624 | R16: 64.4 | S16: 4770 | T16: 36 | U16: 5.8 | V16: 7 | W16: 1.1 | X16: 229 | Y16: 47.4 | Z16: 76 | AA16: 7.6 | AB16: 8.29 | AC16: 11.9 | AD16: 298.1 | AE16: 102.2 | AF16: 38 | AG16: 225 | AH16: 5.74 | AI16: 6.87 | AJ16: 7.48 | AK16: 2 | AL16: 2 | AM16: 18
A17: Tom Brady | B17: 2016 | C17: {=xlookup(B17,DATA_LEAGUE_AVG!A:A,DATA_LEAGUE_AVG!H:H)} -> 571.7 | D17: =Q17>=(0.5)*C17 -> TRUE | E17: 39 | F17: NWE | G17: NFL | H17: QB | I17: {=xlookup(B17,DATA_LEAGUE_AVG!A:A,DATA_LEAGUE_AVG!C:C)} -> 3863.7 | J17: {=xlookup(B17,DATA_LEAGUE_AVG!A:A,DATA_LEAGUE_AVG!D:D)} -> 24.6 | K17: =S17/I17 -> 0.91984367 | L17: =T17/J17 -> 1.1382114 | M17: 12 | N17: 12 | O17: 36831 | P17: 291 | Q17: 432 | R17: 67.4 | S17: 3554 | T17: 28 | U17: 6.5 | V17: 2 | W17: 0.5 | X17: 165 | Y17: 50.6 | Z17: 79 | AA17: 8.2 | AB17: 9.31 | AC17: 12.2 | AD17: 296.2 | AE17: 112.2 | AF17: 15 | AG17: 87 | AH17: 3.36 | AI17: 7.76 | AJ17: 8.81 | AK17: 1 | AL17: 1 | AM17: 13
